t_s,true_speed_mps,td_true_ms,TC_cold_td_hat_ms,TC_cold_sigma_td_ms,TC_warm_td_hat_ms,TC_warm_sigma_td_ms,no-TC_ego_err_mps,no-TC_nis,TC_cold_ego_err_mps,TC_cold_nis,TC_warm_ego_err_mps,TC_warm_nis,oracle_ego_err_mps,oracle_nis
0.6130,25.0000,-113.0000,-7.9190,97.8879,-120.3981,97.7712,0.0637,0.1567,0.0647,0.1502,0.0763,0.1243,0.0767,0.1300
0.6717,25.0000,-113.0000,1.8562,96.6596,-111.6494,87.4710,0.0976,12.7801,0.0963,12.0793,0.0943,11.6753,0.0945,12.0224
0.7482,25.0000,-113.0000,-16.6172,95.8970,-132.2054,86.4918,0.0644,5.1690,0.0667,4.7237,0.0727,4.1102,0.0689,4.3759
0.7964,25.0000,-113.0000,-16.9141,82.7337,-102.7696,71.5593,0.0551,3.2797,0.0429,2.1127,0.0435,2.6628,0.0462,2.6096
0.8628,25.0000,-113.0000,-17.5727,82.6679,-104.5884,68.0024,0.0417,1.6004,0.0453,0.6198,0.0360,0.0597,0.0383,0.1302
0.9288,25.0000,-113.0000,-0.4746,77.1150,-95.1165,67.1758,0.0312,0.5210,0.0431,0.4665,0.0346,0.8039,0.0326,1.1708
1.0125,25.0000,-113.0000,37.5349,72.9607,-150.6155,62.8556,0.0636,5.7992,0.0632,6.4598,0.0698,5.8342,0.0587,5.7936
1.1172,25.0000,-113.0000,15.9975,68.6231,-134.6383,60.5191,0.0242,2.6767,0.0430,0.8801,0.0406,1.6297,0.0291,1.9748
1.1623,25.0000,-113.0000,12.3387,68.5279,-138.8177,58.8054,0.0139,0.9521,0.0165,2.3108,0.0209,2.2413,0.0162,1.5557
1.2253,25.0000,-113.0000,4.7374,67.8554,-147.7157,57.2396,0.0396,2.2995,0.0448,1.7597,0.0363,0.5070,0.0313,1.3846
1.2844,25.0000,-113.0000,14.3770,63.0479,-143.6268,56.7491,0.0411,0.0403,0.0355,0.3313,0.0277,0.3027,0.0247,0.3572
1.3607,25.0000,-113.0000,11.1351,62.9281,-146.1436,55.8863,0.0213,2.3418,0.0248,1.6392,0.0237,1.2768,0.0119,1.8331
1.4241,25.0000,-113.0000,36.7385,59.1133,-150.2176,55.1021,0.0094,1.8657,0.0116,1.5035,0.0122,0.8990,0.0114,1.2146
1.5164,25.0000,-113.0000,23.9926,58.6076,-154.2234,54.5213,0.0290,3.6067,0.0305,2.7923,0.0439,3.3399,0.0243,3.4263
1.5703,25.0000,-113.0000,35.8424,56.9879,-148.1091,54.1431,0.0403,3.0451,0.0412,2.9005,0.0580,2.6294,0.0503,3.7567
1.6488,25.0000,-113.0000,32.9377,56.1396,-145.3566,54.0506,0.0490,0.4736,0.0430,0.3062,0.0542,0.7625,0.0451,0.3677
1.7126,25.0000,-113.0000,44.9971,54.9588,-156.2039,52.5120,0.0723,4.8034,0.0595,2.9130,0.0652,2.6814,0.0573,2.6106
1.7913,25.0000,-113.0000,45.1790,54.1664,-144.4919,52.1241,0.0501,4.4457,0.0456,2.3978,0.0456,3.4028,0.0354,4.4271
1.8582,25.0000,-113.0000,42.8030,53.3519,-134.6968,51.2661,0.0510,1.3419,0.0382,1.3181,0.0425,1.1222,0.0339,1.0490
1.9225,25.0000,-113.0000,36.2352,52.6546,-136.9050,51.1016,0.0521,0.5071,0.0465,0.6771,0.0560,0.8062,0.0425,0.7377
1.9826,25.0000,-113.0000,25.0497,49.3505,-130.8613,50.9945,0.0374,0.9844,0.0389,0.4318,0.0373,3.5339,0.0313,1.4888
2.0380,25.0000,-113.0000,18.2163,49.0285,-140.0076,50.5953,0.0522,4.0047,0.0484,3.0557,0.0487,3.1964,0.0405,2.8341
2.0979,25.0000,-113.0000,32.7597,48.2689,-131.0277,49.9545,0.0430,3.6505,0.0292,5.6312,0.0336,4.3070,0.0193,7.0131
2.1791,25.0000,-113.0000,52.4428,47.7070,-103.5388,49.0219,0.0395,11.2515,0.0380,9.8789,0.0327,13.5406,0.0340,9.6114
2.2654,25.0000,-113.0000,46.3806,47.3432,-104.5375,48.0083,0.0466,0.0743,0.0466,1.0871,0.0392,0.0437,0.0393,0.9934
2.3260,25.0000,-113.0000,49.5201,47.2227,-110.3680,47.4517,0.0407,2.5839,0.0398,3.3142,0.0365,3.8172,0.0354,3.2000
2.3959,25.0000,-113.0000,47.5945,47.0380,-105.7449,46.6223,0.0407,0.2258,0.0419,0.4132,0.0391,1.0825,0.0400,0.0908
2.4606,25.0000,-113.0000,49.4302,46.6359,-103.8569,46.3864,0.0454,0.0762,0.0459,0.2966,0.0434,0.1629,0.0439,0.2318
2.5291,25.0000,-113.0000,45.4292,46.2926,-107.7740,45.0464,0.0506,0.2993,0.0488,0.5445,0.0501,0.3500,0.0506,0.4720
2.5918,25.0000,-113.0000,29.8334,44.6200,-111.1960,44.9525,0.0408,2.9791,0.0440,2.8007,0.0417,2.6853,0.0417,3.4172
2.6428,25.0000,-113.0000,36.1245,44.2442,-107.0909,44.6779,0.0459,0.0048,0.0464,1.2880,0.0443,0.6920,0.0450,0.6979
2.7158,25.0000,-113.0000,27.1058,42.7621,-107.3109,44.4254,0.0401,2.0726,0.0422,2.0664,0.0382,1.9878,0.0386,2.1227
2.7734,25.0000,-113.0000,36.2864,42.3290,-113.7038,44.1527,0.0346,2.8659,0.0368,3.9259,0.0341,3.0997,0.0341,3.3816
2.8493,25.0000,-113.0000,38.1498,41.7191,-118.2318,43.3946,0.0365,1.3066,0.0376,0.6458,0.0338,0.4146,0.0344,2.1656
2.9178,25.0000,-113.0000,41.6804,41.4687,-122.0659,43.0084,0.0343,1.5183,0.0348,1.3272,0.0326,1.0372,0.0338,1.2042
2.9880,25.0000,-113.0000,28.0039,40.6484,-108.4228,42.6682,0.0202,6.3369,0.0248,6.1717,0.0247,6.9139,0.0239,6.0249
3.0410,25.0000,-113.0000,24.1903,40.5562,-116.2054,42.2074,0.0318,3.6128,0.0289,4.7565,0.0411,4.6365,0.0388,4.8279
3.1039,25.0000,-113.0000,23.9956,40.2873,-118.2176,42.0821,0.0282,1.7226,0.0289,0.6336,0.0374,1.2242,0.0365,0.7919
3.1703,25.0000,-113.0000,25.9017,40.0703,-109.9796,41.8071,0.0211,5.2984,0.0209,5.8599,0.0337,5.4441,0.0340,5.6402
3.2389,25.0000,-113.0000,32.1288,38.9186,-105.1826,41.0534,0.0255,5.1108,0.0233,4.6703,0.0325,3.8767,0.0330,3.9376
3.3118,25.0000,-113.0000,28.2869,38.7551,-113.8723,39.6558,0.0318,1.4006,0.0274,1.8897,0.0411,1.3689,0.0425,1.7722
3.3746,25.0000,-113.0000,28.4034,38.2228,-110.1504,39.2995,0.0265,0.3497,0.0243,0.0433,0.0429,0.7511,0.0434,0.7672
3.4414,25.0000,-113.0000,28.3029,38.1761,-104.6715,38.2288,0.0259,0.0038,0.0281,0.0036,0.0391,0.3619,0.0404,0.4114
3.5080,25.0000,-113.0000,17.6374,35.1759,-101.1307,38.0975,0.0248,2.7717,0.0298,2.4908,0.0312,2.5446,0.0304,2.7925
3.5640,25.0000,-113.0000,18.6103,35.1552,-100.5421,37.3156,0.0246,1.2233,0.0274,0.6517,0.0320,0.4604,0.0313,0.3814
3.6316,25.0000,-113.0000,19.5723,35.1208,-103.9590,37.2458,0.0252,2.3102,0.0268,2.4126,0.0382,2.2551,0.0353,2.2502
3.6992,25.0000,-113.0000,21.4520,35.0512,-100.2828,37.0192,0.0272,0.8906,0.0254,0.7546,0.0367,0.8040,0.0355,0.8739
3.7678,25.0000,-113.0000,22.3682,34.8472,-100.4033,37.0017,0.0243,0.1257,0.0264,0.0599,0.0376,0.0251,0.0344,0.0356
3.8354,25.0000,-113.0000,21.5701,34.5486,-99.7186,36.9682,0.0231,0.1367,0.0272,0.0366,0.0337,0.2288,0.0298,0.6382
3.9012,25.0000,-113.0000,17.6499,34.3374,-99.3658,36.8691,0.0189,2.6337,0.0219,1.5696,0.0271,1.8722,0.0242,1.0613
3.9640,25.0000,-113.0000,21.7315,34.2233,-98.9809,36.7038,0.0158,0.4637,0.0163,2.6003,0.0227,2.2529,0.0182,2.2921
4.0347,25.0000,-113.0000,21.5800,33.9927,-95.0768,35.5929,0.0145,0.1849,0.0161,0.0234,0.0183,0.2565,0.0188,0.0203
4.1012,25.0000,-113.0000,25.4106,33.6161,-96.3036,35.5056,0.0140,0.0252,0.0093,1.4340,0.0203,0.4329,0.0200,0.0890
4.1717,25.0000,-113.0000,26.2591,33.2699,-95.2370,35.1693,0.0143,0.1331,0.0065,0.1271,0.0166,0.0610,0.0191,0.0069
4.2393,25.0000,-113.0000,26.3243,33.2575,-92.4934,35.0194,0.0067,1.1492,0.0025,0.6912,0.0121,1.0716,0.0132,1.7684
4.3060,25.0000,-113.0000,17.3070,32.9205,-93.4444,34.9328,0.0108,9.3489,0.0126,4.3310,0.0060,6.1218,0.0058,11.5968
4.3636,25.0000,-113.0000,16.0507,32.6442,-93.6547,34.2850,0.0096,0.2264,0.0140,0.1213,0.0080,0.0643,0.0095,0.0504
4.4291,25.0000,-113.0000,21.6432,32.2248,-90.4116,34.0728,0.0143,2.0922,0.0207,1.6895,0.0135,1.3077,0.0169,1.2468
4.5013,25.0000,-113.0000,21.2630,32.2041,-91.1587,34.0171,0.0259,0.2021,0.0289,0.2605,0.0128,0.2392,0.0165,0.2093
4.5676,25.0000,-113.0000,23.5224,32.1171,-93.8940,33.7376,0.0235,2.4688,0.0280,2.1434,0.0178,1.9077,0.0198,1.8304
4.6365,25.0000,-113.0000,27.5247,31.6068,-93.2135,33.7229,0.0212,0.4112,0.0218,1.1105,0.0202,0.4960,0.0272,0.4586
4.7072,25.0000,-113.0000,28.5585,31.4950,-93.3496,33.6853,0.0204,0.0036,0.0242,0.1670,0.0218,0.0102,0.0288,0.0731
4.7749,25.0000,-113.0000,28.8384,31.3693,-95.1635,33.6420,0.0225,10.8174,0.0236,10.3447,0.0219,9.5816,0.0291,9.3932
4.8418,25.0000,-113.0000,29.2964,31.2964,-95.2735,33.5942,0.0188,0.2923,0.0209,0.0831,0.0243,0.2416,0.0296,0.1522
4.9090,25.0000,-113.0000,27.7759,31.2052,-93.1258,33.5257,0.0140,1.8516,0.0193,0.4450,0.0159,2.5229,0.0246,2.4838
4.9741,25.0000,-113.0000,28.8147,31.1976,-91.0940,33.4941,0.0094,1.5925,0.0129,2.3346,0.0106,2.3141,0.0150,2.2642
5.0418,25.0000,-113.0000,24.4264,31.0405,-97.6871,33.0284,0.0123,4.4985,0.0125,4.0782,0.0159,3.2107,0.0182,3.2728
5.1041,25.0000,-113.0000,23.5979,31.0236,-99.1904,32.9761,0.0101,0.6419,0.0086,0.7631,0.0122,0.6638,0.0177,0.7606
5.1699,25.0000,-113.0000,26.7160,30.9994,-100.6999,32.9544,0.0123,6.2934,0.0184,6.4679,0.0168,3.2461,0.0235,3.7000
5.2397,25.0000,-113.0000,25.8703,30.8006,-99.5993,32.7084,0.0124,1.4000,0.0184,1.3276,0.0180,1.9074,0.0240,1.9109
5.3055,25.0000,-113.0000,26.6934,30.7706,-98.4639,32.3916,0.0078,0.6240,0.0140,0.7815,0.0143,1.6881,0.0246,0.6580
5.3730,25.0000,-113.0000,27.0381,30.7626,-98.7157,32.2805,0.0071,0.1460,0.0084,0.2979,0.0066,1.4252,0.0188,0.9418
5.4400,25.0000,-113.0000,32.0101,30.3512,-96.8384,32.0628,0.0085,0.4535,0.0084,1.0016,0.0053,0.5886,0.0162,0.5249
5.5117,25.0000,-113.0000,38.5582,30.1294,-94.3658,31.9173,0.0148,3.1222,0.0136,3.1977,0.0139,3.1816,0.0168,3.2182
5.5849,25.0000,-113.0000,44.1812,29.7901,-96.1633,31.5738,0.0198,1.2936,0.0194,1.8288,0.0160,0.4947,0.0168,1.1210
5.6572,25.0000,-113.0000,43.9174,29.7595,-93.8104,31.4515,0.0242,1.3878,0.0241,1.2793,0.0210,2.0908,0.0189,1.6215
5.7236,25.0000,-113.0000,43.9257,29.7285,-92.8372,31.3908,0.0240,0.2659,0.0242,0.0112,0.0237,0.2557,0.0221,0.0685
5.7903,25.0000,-113.0000,42.6867,29.7124,-87.5270,31.2223,0.0199,1.8360,0.0197,2.7150,0.0234,3.5151,0.0202,3.7056
5.8557,25.0000,-113.0000,47.2407,29.5623,-92.3979,30.7470,0.0231,0.8727,0.0229,2.4450,0.0234,0.8115,0.0230,0.7726
5.9269,25.0000,-113.0000,42.8229,29.5058,-101.9089,30.0401,0.0234,11.1230,0.0255,9.0780,0.0210,5.5827,0.0166,9.3718
5.9892,25.0000,-113.0000,41.5011,29.4407,-99.6701,29.9629,0.0214,1.2997,0.0277,1.0278,0.0152,1.6405,0.0137,1.4162
6.0545,25.0000,-113.0000,42.0410,29.4257,-99.1420,29.8863,0.0199,1.4990,0.0278,0.3291,0.0179,0.3507,0.0141,0.5859
6.1217,25.0000,-113.0000,41.2941,29.3686,-95.6597,29.7688,0.0262,0.3872,0.0310,0.3582,0.0248,1.7650,0.0173,1.0514
6.1876,25.0000,-113.0000,43.5434,29.0044,-95.7003,29.7629,0.0269,3.1801,0.0354,2.9072,0.0300,3.8988,0.0219,5.3143
6.2565,25.0000,-113.0000,44.7360,28.7792,-96.2821,29.7252,0.0277,2.0415,0.0302,2.9248,0.0296,1.9640,0.0213,2.9257
6.3244,25.0000,-113.0000,36.3674,28.4432,-91.3142,29.6323,0.0308,3.3359,0.0363,4.7529,0.0442,8.8327,0.0330,8.8275
6.3827,25.0000,-113.0000,33.6892,28.3401,-85.7657,29.3135,0.0246,1.6601,0.0290,1.4659,0.0363,2.4372,0.0299,1.7382
6.4467,25.0000,-113.0000,36.0077,28.2721,-83.7103,29.1373,0.0181,2.8944,0.0210,3.6156,0.0316,3.2177,0.0279,2.0633
6.5157,25.0000,-113.0000,38.1818,27.9294,-80.8637,29.0989,0.0105,5.6116,0.0122,5.3846,0.0203,4.4567,0.0157,7.1211
6.5845,25.0000,-113.0000,38.2997,27.8557,-79.0338,28.9861,0.0134,1.5841,0.0107,2.2899,0.0181,1.4707,0.0122,1.6412
6.6513,25.0000,-113.0000,35.5662,27.7239,-79.3045,28.9679,0.0142,1.9173,0.0123,1.1503,0.0135,1.4135,0.0129,3.9998
6.7152,25.0000,-113.0000,34.5033,27.7108,-77.1577,28.9224,0.0102,1.1164,0.0089,1.5849,0.0082,2.0602,0.0131,1.6760
6.7808,25.0000,-113.0000,34.9408,27.6578,-76.2648,28.7327,0.0136,2.1728,0.0121,1.8153,0.0101,2.1606,0.0173,0.3497
6.8479,25.0000,-113.0000,30.0018,27.5264,-76.7290,28.7314,0.0099,5.0287,0.0111,3.5095,0.0118,4.0729,0.0081,3.1961
6.9097,25.0000,-113.0000,32.6734,27.3231,-77.9915,28.7029,0.0162,2.6129,0.0143,1.4242,0.0119,0.9774,0.0111,1.2687
6.9790,25.0000,-113.0000,32.7410,27.1568,-77.6577,28.6767,0.0208,1.0806,0.0142,1.0342,0.0088,1.0664,0.0089,1.0180
7.0457,25.0000,-113.0000,32.1209,27.0910,-76.6719,28.4963,0.0186,0.1328,0.0162,0.1358,0.0131,0.2516,0.0133,0.1639
7.1118,25.0000,-113.0000,29.9905,26.9080,-71.9371,28.2775,0.0172,0.6191,0.0115,0.5604,0.0140,1.9301,0.0180,0.6340
7.1763,25.0000,-113.0000,30.2753,26.9030,-69.8706,28.1795,0.0122,0.2749,0.0117,1.4518,0.0121,1.1665,0.0142,1.9490
7.2433,25.0000,-113.0000,29.1016,26.8599,-71.1141,28.1126,0.0160,1.0823,0.0100,1.4373,0.0130,0.4967,0.0128,0.3105
7.3088,25.0000,-113.0000,32.4311,26.7547,-74.1993,27.7435,0.0092,2.5490,0.0079,3.2485,0.0120,0.4622,0.0128,1.2080
7.3788,25.0000,-113.0000,33.7906,26.7186,-74.4808,27.5468,0.0114,2.0485,0.0141,2.0293,0.0121,2.5665,0.0138,1.8179
7.4468,25.0000,-113.0000,32.2047,26.4710,-69.4130,27.3563,0.0127,1.6775,0.0155,0.5751,0.0133,2.4772,0.0131,1.5734
7.5119,25.0000,-113.0000,35.7454,26.2925,-68.5273,27.3121,0.0114,1.8158,0.0151,1.5297,0.0220,1.2283,0.0206,3.7160
7.5821,25.0000,-113.0000,44.3050,25.8490,-68.0243,27.2136,0.0070,0.6196,0.0090,3.1824,0.0144,0.8787,0.0199,1.1820
7.6573,25.0000,-113.0000,46.5301,25.6380,-64.9650,26.9290,0.0075,0.4856,0.0062,0.5593,0.0110,0.9709,0.0160,0.4785
7.7262,25.0000,-113.0000,49.4786,25.1568,-64.8485,26.8954,0.0082,0.1447,0.0099,0.4685,0.0105,0.0706,0.0155,0.0793
7.7958,25.0000,-113.0000,49.9003,24.8811,-65.2410,26.7172,0.0093,0.1011,0.0104,0.2115,0.0077,0.2067,0.0099,0.9922
7.8629,25.0000,-113.0000,52.2867,24.4794,-65.7386,26.5001,0.0073,0.4239,0.0023,0.5943,0.0096,0.0279,0.0069,0.6048
7.9320,25.0000,-113.0000,51.1510,24.4705,-61.8951,26.3548,0.0055,3.0118,0.0082,3.6190,0.0039,4.5515,0.0073,2.0028
7.9975,25.0000,-113.0000,49.7973,24.2040,-61.6570,26.3426,0.0126,1.8863,0.0131,0.1553,0.0061,0.5650,0.0039,1.2704
8.0628,25.0000,-113.0000,49.7875,24.1483,-62.3794,26.2417,0.0121,0.7633,0.0079,0.4243,0.0095,0.1528,0.0053,0.3001
8.1295,25.0000,-113.0000,50.5604,24.0522,-60.2927,26.1383,0.0079,0.5262,0.0052,0.5968,0.0067,0.8128,0.0085,0.3336
8.1969,25.0000,-113.0000,50.5690,24.0138,-56.1083,25.8904,0.0058,0.7081,0.0065,0.6349,0.0012,1.9405,0.0058,0.6628
8.2636,25.0000,-113.0000,51.2980,23.9937,-55.8629,25.8851,0.0041,0.9374,0.0070,0.6567,0.0028,0.4753,0.0013,0.0585
8.3310,25.0000,-113.0000,49.7104,23.9443,-55.9486,25.8697,0.0104,2.0693,0.0092,1.4044,0.0008,1.3182,0.0087,3.2935
8.3960,25.0000,-113.0000,47.7454,23.7965,-56.9491,25.8455,0.0146,0.6753,0.0147,0.6923,0.0058,0.9786,0.0127,1.1567
8.4607,25.0000,-113.0000,47.1492,23.5984,-54.5701,25.6880,0.0221,0.6149,0.0161,0.2074,0.0098,0.7020,0.0176,0.3098
8.5268,25.0000,-113.0000,48.2754,23.5830,-53.9839,25.6605,0.0273,5.2643,0.0240,6.2002,0.0232,5.2755,0.0277,5.9308
8.5946,25.0000,-113.0000,50.2655,23.5237,-55.6407,25.6095,0.0264,1.6349,0.0252,2.0678,0.0200,1.2157,0.0328,0.7695
8.6633,25.0000,-113.0000,50.8834,23.4321,-55.1399,25.6002,0.0342,1.6770,0.0253,1.3414,0.0249,1.8336,0.0337,1.6374
8.7306,25.0000,-113.0000,48.2273,23.3808,-53.3602,25.5825,0.0275,3.2775,0.0189,3.3793,0.0219,4.1369,0.0304,4.7671
8.7946,25.0000,-113.0000,49.1736,23.3746,-53.8169,25.0874,0.0321,5.6384,0.0295,6.1419,0.0244,2.7404,0.0357,3.0751
8.8622,25.0000,-113.0000,51.1715,23.3399,-51.5216,24.8876,0.0330,2.9600,0.0312,3.0516,0.0279,3.9263,0.0333,2.9537
8.9308,25.0000,-113.0000,55.8889,23.1768,-55.3434,24.7663,0.0263,5.5736,0.0160,6.1814,0.0250,4.1441,0.0302,5.6066
9.0022,25.0000,-113.0000,55.1984,23.1692,-54.0316,24.7101,0.0232,2.0688,0.0133,2.2310,0.0263,2.0586,0.0278,0.9597
9.0682,25.0000,-113.0000,58.2866,23.0852,-56.4947,24.4845,0.0196,1.6149,0.0199,3.1745,0.0204,1.0637,0.0268,0.9496
9.1380,25.0000,-113.0000,58.2863,23.0727,-56.4844,24.4842,0.0219,0.1927,0.0180,0.0395,0.0157,0.1827,0.0194,0.2881
9.2046,25.0000,-113.0000,56.7021,22.7257,-54.8469,24.4023,0.0246,0.3764,0.0194,0.2079,0.0204,0.9043,0.0159,0.1986
9.2697,25.0000,-113.0000,57.8209,22.7027,-55.0159,24.3825,0.0221,1.4993,0.0190,1.9469,0.0185,1.2747,0.0129,1.4871
9.3375,25.0000,-113.0000,56.0140,22.6657,-56.2280,24.3695,0.0198,2.7481,0.0148,1.9946,0.0150,2.3196,0.0121,1.7638
9.4023,25.0000,-113.0000,57.4892,22.5969,-54.1930,24.2761,0.0215,0.5042,0.0188,1.1937,0.0204,0.9450,0.0154,0.7295
9.4705,25.0000,-113.0000,54.0987,22.4635,-48.4943,24.0559,0.0164,2.5365,0.0164,1.9370,0.0136,3.5458,0.0122,2.1874
9.5338,25.0000,-113.0000,58.0920,22.4321,-43.3858,24.0064,0.0214,19.1943,0.0165,19.1023,0.0180,18.3746,0.0146,18.8602
9.6044,25.0000,-113.0000,56.9666,22.4017,-43.3570,23.9057,0.0160,1.4764,0.0152,1.0653,0.0168,0.9607,0.0139,0.8921
9.6700,25.0000,-113.0000,57.8256,22.3528,-45.0817,23.8706,0.0168,2.1955,0.0158,2.1661,0.0104,2.3111,0.0150,2.1568
9.7375,25.0000,-113.0000,59.3867,22.2985,-44.9544,23.8554,0.0086,3.1102,0.0096,1.5661,0.0105,2.5077,0.0055,1.7363
9.8057,25.0000,-113.0000,58.0283,22.1594,-43.0797,23.8346,0.0135,2.8830,0.0119,1.6740,0.0157,3.5787,0.0145,2.0626
9.8710,25.0000,-113.0000,57.2963,22.1275,-41.0822,23.7505,0.0099,0.9899,0.0072,0.9511,0.0141,1.0041,0.0141,1.0343
9.9370,25.0000,-113.0000,57.4113,22.0994,-41.3151,23.7336,0.0047,0.1222,0.0053,0.2058,0.0086,0.1576,0.0122,0.2086
10.0037,25.0000,-113.0000,59.8403,22.0483,-40.3920,23.7276,0.0076,4.5370,0.0102,3.9022,0.0116,3.7521,0.0119,3.5378
10.0728,25.0000,-113.0000,58.5199,21.9728,-39.8229,23.7029,0.0088,0.5361,0.0129,0.9510,0.0068,0.5479,0.0077,0.7435
10.1382,25.0000,-113.0000,57.5803,21.9422,-41.8115,23.6468,0.0099,2.1361,0.0092,1.7147,0.0089,1.8506,0.0055,3.2409
10.2039,25.0000,-113.0000,59.7728,21.8961,-42.2284,23.6427,0.0104,2.4735,0.0138,4.0387,0.0136,3.8466,0.0141,3.1606
10.2728,25.0000,-113.0000,59.8673,21.7743,-41.3999,23.4413,0.0113,0.7153,0.0106,1.3971,0.0111,0.6358,0.0134,0.6613
10.3395,25.0000,-113.0000,58.8604,21.6988,-43.0268,23.0332,0.0109,0.1413,0.0110,0.5208,0.0121,0.1430,0.0142,0.6574
10.4052,25.0000,-113.0000,55.4168,21.6186,-42.9758,23.0311,0.0082,3.2303,0.0089,3.6469,0.0103,5.5642,0.0153,4.2339
10.4684,25.0000,-113.0000,55.8385,21.6176,-45.5860,22.9626,0.0120,3.3416,0.0096,3.7978,0.0069,2.6886,0.0066,3.4164
10.5355,25.0000,-113.0000,54.4456,21.5805,-43.8650,22.8685,0.0127,5.4040,0.0140,3.6851,0.0133,4.1246,0.0091,4.0365
10.6008,25.0000,-113.0000,55.7941,21.5134,-44.0320,22.8613,0.0125,1.2503,0.0166,1.0442,0.0138,0.4248,0.0105,0.6839
10.6688,25.0000,-113.0000,55.8564,21.5093,-43.4132,22.8168,0.0165,0.0719,0.0165,0.0664,0.0149,0.4814,0.0116,0.3523
10.7355,25.0000,-113.0000,56.0107,21.5075,-45.1143,22.6004,0.0218,5.5999,0.0165,7.7454,0.0203,8.8866,0.0137,5.5699
10.8023,25.0000,-113.0000,56.0329,21.5050,-45.0862,22.5801,0.0167,0.0389,0.0127,0.0133,0.0204,0.1721,0.0168,0.3021
10.8690,25.0000,-113.0000,54.7093,21.4622,-44.4996,22.5712,0.0087,2.0596,0.0125,0.9907,0.0124,1.0227,0.0132,1.2757
10.9344,25.0000,-113.0000,55.1682,21.3507,-46.1723,22.5128,0.0069,0.8307,0.0069,1.2123,0.0094,1.2194,0.0055,0.6806
11.0015,25.0000,-113.0000,54.2983,21.2057,-45.8964,22.5016,0.0079,0.2789,0.0113,0.1845,0.0106,0.5845,0.0075,0.8237
11.0673,25.0000,-113.0000,54.4076,21.1791,-46.6943,22.4940,0.0106,0.6813,0.0088,1.1406,0.0100,1.9218,0.0067,0.8073
11.1341,25.0000,-113.0000,55.8388,21.1420,-47.8877,22.3953,0.0071,3.7107,0.0088,1.9280,0.0099,1.5818,0.0071,3.6757
11.2022,25.0000,-113.0000,55.3514,21.1140,-49.8924,22.2982,0.0060,2.8951,0.0106,3.0283,0.0079,3.2370,0.0043,2.8128
11.2684,25.0000,-113.0000,56.5135,21.0902,-48.8766,22.2916,0.0068,3.1084,0.0043,5.9958,0.0018,5.2268,0.0019,5.2648
11.3362,25.0000,-113.0000,56.4323,21.0884,-49.0445,22.2377,0.0054,1.2972,0.0075,0.8442,0.0055,1.1693,0.0032,1.0418
11.4028,25.0000,-113.0000,55.0258,21.0355,-45.9285,22.0179,0.0089,2.0737,0.0115,1.1358,0.0126,1.5181,0.0072,2.0484
11.4680,25.0000,-113.0000,54.1156,20.8341,-44.7104,22.0122,0.0074,6.2042,0.0142,6.5664,0.0079,6.7750,0.0099,7.2542
11.5338,25.0000,-113.0000,54.1845,20.7843,-45.4663,21.9581,0.0100,1.6467,0.0060,1.7943,0.0102,0.8188,0.0061,3.3930
11.6005,25.0000,-113.0000,54.2034,20.7684,-42.8596,21.8022,0.0068,0.1174,0.0112,0.1507,0.0080,1.0094,0.0108,0.1735
11.6672,25.0000,-113.0000,49.7644,20.6601,-32.5537,21.5667,0.0111,5.6620,0.0113,4.9545,0.0101,10.6801,0.0129,2.3031
11.7294,25.0000,-113.0000,49.6422,20.6518,-32.6711,21.5170,0.0115,0.2081,0.0075,0.0456,0.0131,0.1633,0.0081,0.0108
11.7960,25.0000,-113.0000,53.6857,20.4300,-33.4629,21.4797,0.0104,1.1603,0.0130,2.5277,0.0108,0.8597,0.0107,1.2271
11.8667,25.0000,-113.0000,53.8376,20.4278,-33.6857,21.4603,0.0095,0.3893,0.0189,0.2603,0.0141,0.2026,0.0092,0.2035
11.9335,25.0000,-113.0000,54.7405,20.4071,-34.4174,21.4233,0.0098,1.7399,0.0123,1.9348,0.0122,0.4225,0.0086,0.6540
12.0011,25.0000,-113.0000,56.8805,20.3237,-36.0452,21.3627,0.0050,1.7628,0.0066,1.5581,0.0115,1.7283,0.0085,1.5093
12.0699,25.0000,-113.0000,56.0556,20.2979,-34.5890,21.3359,0.0048,2.7426,0.0038,2.9167,0.0044,2.9879,0.0064,3.1702
12.1357,25.0000,-113.0000,55.4954,20.2310,-35.2454,21.3244,0.0054,1.7353,0.0068,1.8095,0.0061,1.9219,0.0057,0.9548
12.2018,25.0000,-113.0000,55.3260,20.2063,-35.3743,21.3081,0.0082,0.1164,0.0094,0.0382,0.0061,0.0242,0.0048,0.3164
12.2683,25.0000,-113.0000,55.6956,20.1802,-33.6388,21.2312,0.0091,0.2219,0.0092,0.1330,0.0116,0.9725,0.0061,0.2017
12.3354,25.0000,-113.0000,57.4122,19.9298,-33.4552,21.1800,0.0089,0.3688,0.0118,0.5406,0.0095,0.0167,0.0084,0.1123
12.4037,25.0000,-113.0000,58.8883,19.8737,-34.3446,20.9125,0.0145,1.8568,0.0200,1.3228,0.0104,0.5524,0.0090,1.2234
12.4719,25.0000,-113.0000,64.2310,19.7103,-34.2838,20.9117,0.0097,5.4813,0.0112,4.4119,0.0113,2.5336,0.0058,2.2543
12.5439,25.0000,-113.0000,65.7013,19.6489,-35.1310,20.8642,0.0121,1.8649,0.0135,2.1456,0.0142,1.9459,0.0129,1.8476
12.6120,25.0000,-113.0000,66.6854,19.5821,-34.6646,20.8201,0.0134,0.0556,0.0132,0.5049,0.0120,0.2623,0.0125,0.0892
12.6797,25.0000,-113.0000,67.0802,19.5771,-30.9696,20.7413,0.0136,2.3469,0.0132,3.5368,0.0136,4.2582,0.0136,2.1862
12.7467,25.0000,-113.0000,69.7122,19.5218,-28.7444,20.6715,0.0152,4.8815,0.0147,7.2722,0.0131,6.0052,0.0141,4.2619
12.8160,25.0000,-113.0000,71.9682,19.3160,-28.3205,20.5298,0.0150,0.3535,0.0110,0.8486,0.0132,0.5681,0.0129,0.4727
12.8850,25.0000,-113.0000,71.5451,19.2928,-28.7003,20.5227,0.0113,3.4872,0.0123,3.3874,0.0130,2.9328,0.0126,3.0240
12.9512,25.0000,-113.0000,71.4536,19.2380,-27.9933,20.5135,0.0114,1.5095,0.0129,1.5377,0.0104,1.7418,0.0106,1.3457
13.0178,25.0000,-113.0000,71.3941,19.2235,-27.9670,20.5014,0.0147,0.0155,0.0103,0.0795,0.0131,0.0217,0.0100,0.3421
13.0844,25.0000,-113.0000,74.2420,19.1020,-26.7235,20.4389,0.0101,2.9596,0.0109,3.0933,0.0112,0.9836,0.0111,2.0200
13.1539,25.0000,-113.0000,74.2335,19.1012,-25.7187,20.4323,0.0163,5.5671,0.0183,4.9123,0.0158,6.4130,0.0179,6.4107
13.2206,25.0000,-113.0000,74.7885,19.0045,-25.7551,20.3812,0.0202,1.1622,0.0152,1.8968,0.0202,0.4969,0.0167,1.4370
13.2878,25.0000,-113.0000,74.9389,18.9916,-22.2991,20.1905,0.0150,1.4234,0.0116,0.6193,0.0158,2.8905,0.0182,1.7525
13.3546,25.0000,-113.0000,75.0433,18.9690,-22.7540,20.1409,0.0138,0.4590,0.0123,0.5411,0.0122,0.2444,0.0174,0.0076
13.4214,25.0000,-113.0000,77.4287,18.8727,-23.0254,20.0234,0.0125,1.5888,0.0115,1.5785,0.0106,1.3042,0.0117,2.2426
13.4904,25.0000,-113.0000,77.8934,18.8535,-22.5636,19.9425,0.0119,0.0337,0.0081,0.3162,0.0100,0.0986,0.0113,0.0370
13.5576,25.0000,-113.0000,78.2217,18.8479,-22.3670,19.9030,0.0101,0.3470,0.0080,0.7234,0.0092,0.5764,0.0105,0.7103
13.6246,25.0000,-113.0000,78.4988,18.8350,-21.9449,19.8836,0.0086,0.4123,0.0073,0.1567,0.0039,0.2329,0.0105,0.0510
13.6915,25.0000,-113.0000,80.4856,18.7955,-20.7485,19.8587,0.0145,4.9226,0.0120,4.2663,0.0106,4.9182,0.0141,5.6700
13.7602,25.0000,-113.0000,80.7479,18.7037,-20.7218,19.8539,0.0143,0.3418,0.0147,0.1751,0.0091,0.2496,0.0143,0.9444
13.8271,25.0000,-113.0000,81.1444,18.6746,-21.4248,19.8487,0.0135,3.6963,0.0105,2.8003,0.0111,2.4519,0.0117,2.4309
13.8941,25.0000,-113.0000,80.7184,18.5361,-20.7127,19.8384,0.0151,1.0116,0.0115,0.7979,0.0142,1.7221,0.0142,0.7696
13.9604,25.0000,-113.0000,80.5649,18.5164,-21.0716,19.7945,0.0152,0.7601,0.0094,1.0670,0.0133,0.7653,0.0170,0.8218
14.0269,25.0000,-113.0000,80.7682,18.5091,-20.9917,19.7773,0.0113,0.0505,0.0082,0.1647,0.0113,0.0474,0.0143,0.0793
14.0938,25.0000,-113.0000,81.8641,18.4653,-19.7684,19.6753,0.0080,1.2143,0.0079,0.7669,0.0080,1.0510,0.0118,0.7568
14.1615,25.0000,-113.0000,81.6497,18.4142,-18.6006,19.6144,0.0097,1.2257,0.0048,1.6309,0.0122,1.2666,0.0098,1.1716
14.2280,25.0000,-113.0000,82.3105,18.3701,-19.5676,19.5716,0.0089,1.2836,0.0074,1.3237,0.0114,0.5569,0.0110,1.5498
14.2953,25.0000,-113.0000,81.7748,18.3435,-20.2161,19.5472,0.0062,0.4621,0.0072,0.3299,0.0070,0.4599,0.0100,0.5018
14.3614,25.0000,-113.0000,82.4348,18.2668,-18.6003,19.5200,0.0088,3.0277,0.0100,2.6395,0.0084,3.7655,0.0088,2.7918
14.4288,25.0000,-113.0000,84.1012,18.2130,-17.9429,19.5101,0.0079,1.9648,0.0058,2.0427,0.0070,1.1266,0.0068,1.2089
14.4971,25.0000,-113.0000,83.1290,18.2077,-17.8578,19.5017,0.0050,5.1326,0.0048,4.9140,0.0023,4.1351,0.0051,4.2866
14.5628,25.0000,-113.0000,82.7344,18.1952,-17.3511,19.4728,0.0045,0.5838,0.0066,0.6015,0.0019,0.9807,0.0040,0.4110
14.6291,25.0000,-113.0000,83.9694,18.1585,-17.5708,19.4675,0.0099,1.1535,0.0104,1.1490,0.0023,0.3852,0.0055,1.0968
14.6970,25.0000,-113.0000,86.3349,18.0853,-17.6021,19.4582,0.0060,2.5537,0.0021,2.1472,0.0035,0.6758,0.0045,0.3748
14.7660,25.0000,-113.0000,85.6715,18.0632,-16.4677,19.4450,0.0070,2.5934,0.0049,3.0719,0.0080,4.3880,0.0123,3.1230
14.8320,25.0000,-113.0000,86.0536,17.9987,-15.9037,19.4307,0.0037,1.1639,0.0038,0.8678,0.0039,1.1176,0.0133,0.8796
14.8991,25.0000,-113.0000,86.0148,17.9939,-15.3687,19.4187,0.0101,1.4475,0.0104,0.1781,0.0069,0.6132,0.0104,0.8599
14.9657,25.0000,-113.0000,89.9330,17.9156,-13.5573,19.3982,0.0176,5.2406,0.0125,5.6482,0.0133,5.3826,0.0120,6.0421
15.0363,25.0000,-113.0000,90.4917,17.8925,-13.2446,19.3492,0.0088,2.7055,0.0107,4.6857,0.0088,2.9597,0.0093,5.4256
15.1035,25.0000,-113.0000,90.5740,17.8915,-13.3125,19.3418,0.0110,0.7669,0.0059,0.3713,0.0085,0.4117,0.0091,0.3786
15.1702,25.0000,-113.0000,92.5935,17.7768,-13.0475,19.3379,0.0105,0.4319,0.0100,1.1533,0.0103,1.1370,0.0078,0.7904
15.2389,25.0000,-113.0000,91.4797,17.7720,-11.1509,19.3238,0.0261,17.0035,0.0167,12.2106,0.0208,15.1631,0.0186,14.9619
15.3045,25.0000,-113.0000,91.7802,17.7397,-10.8313,19.2686,0.0263,0.9352,0.0190,0.3288,0.0214,1.5008,0.0162,0.3690
15.3714,25.0000,-113.0000,92.3346,17.7326,-11.5071,19.2483,0.0209,2.2081,0.0126,2.3333,0.0176,1.6219,0.0202,1.5487
15.4387,25.0000,-113.0000,93.9595,17.6665,-10.7718,19.1875,0.0262,1.0593,0.0157,1.6028,0.0226,1.2386,0.0197,1.0954
15.5070,25.0000,-113.0000,94.0918,17.6518,-11.3732,19.1519,0.0236,0.4106,0.0190,0.0702,0.0211,0.3501,0.0249,0.3368
15.5738,25.0000,-113.0000,90.2041,17.5964,-12.5464,19.1427,0.0202,6.5703,0.0135,7.8322,0.0157,6.6547,0.0137,8.9928
15.6365,25.0000,-113.0000,89.6066,17.5513,-13.5706,19.1242,0.0279,4.3075,0.0142,1.8118,0.0210,1.9070,0.0173,2.9200
15.7026,25.0000,-113.0000,87.8755,17.5003,-15.2161,19.0378,0.0262,4.1210,0.0125,2.7970,0.0217,2.3542,0.0171,2.4504
15.7675,25.0000,-113.0000,87.7587,17.4929,-13.6871,18.9764,0.0203,1.0316,0.0124,0.1463,0.0149,1.0790,0.0180,0.6082
15.8341,25.0000,-113.0000,89.9668,17.4172,-14.3564,18.9452,0.0271,1.8544,0.0206,3.3057,0.0209,0.4537,0.0187,0.9442
15.9030,25.0000,-113.0000,91.6686,17.3539,-13.9711,18.9378,0.0302,0.5739,0.0206,1.4431,0.0221,0.5419,0.0220,0.6374
15.9713,25.0000,-113.0000,91.0950,17.3515,-14.3400,18.9322,0.0191,6.0666,0.0202,3.9201,0.0152,3.5255,0.0186,3.6825
16.0374,25.0000,-113.0000,91.2410,17.3425,-13.9596,18.8798,0.0217,0.1253,0.0153,0.0830,0.0173,0.1242,0.0217,0.0844
16.1042,25.0000,-113.0000,92.0601,17.3184,-13.6231,18.8745,0.0192,0.9622,0.0137,0.8086,0.0219,0.6064,0.0191,0.8823
16.1717,25.0000,-113.0000,92.5028,17.2957,-13.5732,18.8445,0.0170,0.0788,0.0158,0.2498,0.0174,0.0513,0.0253,0.1033
16.2388,25.0000,-113.0000,91.9053,17.2840,-13.8557,18.8435,0.0200,2.0939,0.0202,2.3478,0.0209,2.3269,0.0235,2.0132
16.3049,25.0000,-113.0000,91.8937,17.2811,-13.9363,18.8405,0.0229,0.3005,0.0222,0.3997,0.0239,0.2730,0.0216,0.5546
16.3716,25.0000,-113.0000,90.6710,17.2414,-14.5560,18.8190,0.0183,3.0687,0.0203,1.5164,0.0234,1.4164,0.0196,3.3099
16.4370,25.0000,-113.0000,90.5307,17.2390,-17.0394,18.7697,0.0149,4.3014,0.0103,6.5341,0.0187,4.2820,0.0151,4.1300
16.5035,25.0000,-113.0000,89.5701,17.2127,-16.2920,18.7604,0.0152,1.0683,0.0069,1.3594,0.0177,1.7170,0.0162,1.7133
16.5692,25.0000,-113.0000,90.3207,17.2008,-14.3947,18.6936,0.0080,1.3409,0.0074,1.3817,0.0114,1.6383,0.0142,0.9535
16.6367,25.0000,-113.0000,89.5170,17.1574,-13.7991,18.6623,0.0106,1.7210,0.0119,1.8892,0.0154,2.9819,0.0142,1.8106
16.7025,25.0000,-113.0000,89.9562,17.1444,-13.5152,18.5404,0.0151,0.9207,0.0121,0.7114,0.0201,0.7194,0.0100,0.8203
16.7696,25.0000,-113.0000,88.7118,17.0367,-13.5126,18.5395,0.0185,1.1520,0.0133,0.5462,0.0253,0.5586,0.0171,0.8134
16.8350,25.0000,-113.0000,89.0683,17.0091,-13.7614,18.4601,0.0179,0.0075,0.0208,0.1372,0.0241,0.0775,0.0233,0.4851
16.9021,25.0000,-113.0000,89.2328,17.0048,-14.5511,18.4191,0.0221,1.1232,0.0163,0.3372,0.0238,0.4447,0.0234,0.2560
16.9689,25.0000,-113.0000,89.7701,16.9497,-11.9139,18.1960,0.0230,0.3055,0.0200,0.3915,0.0256,1.0586,0.0214,0.3626
17.0361,25.0000,-113.0000,91.3272,16.9357,-12.2729,18.1911,0.0204,2.7459,0.0106,5.1173,0.0202,3.5658,0.0221,3.5807
17.1043,25.0000,-113.0000,91.5563,16.9225,-12.3732,18.1868,0.0189,0.1214,0.0105,0.1893,0.0195,0.1133,0.0186,0.0965
17.1712,25.0000,-113.0000,93.0011,16.8927,-12.2846,18.1624,0.0089,2.0557,0.0109,2.7217,0.0104,1.2939,0.0171,1.4848
17.2393,25.0000,-113.0000,93.3688,16.8866,-12.0483,18.1582,0.0084,3.7175,0.0036,3.6599,0.0093,3.9302,0.0106,3.3471
17.3064,25.0000,-113.0000,93.8229,16.8821,-12.9890,18.0997,0.0158,2.2261,0.0084,1.3702,0.0130,0.4170,0.0126,1.2243
17.3735,25.0000,-113.0000,94.0081,16.8801,-10.5961,18.0678,0.0221,6.1423,0.0156,6.1736,0.0183,5.4026,0.0241,6.8194
17.4403,25.0000,-113.0000,94.4477,16.8321,-10.3199,18.0630,0.0278,1.5231,0.0200,2.1239,0.0232,1.7625,0.0263,1.3705
17.5074,25.0000,-113.0000,94.6738,16.8283,-9.6703,18.0307,0.0291,0.8642,0.0207,0.6434,0.0226,0.5802,0.0282,0.3274
17.5743,25.0000,-113.0000,94.5728,16.8201,-9.8298,18.0159,0.0302,0.3623,0.0239,0.2128,0.0209,0.3458,0.0314,0.8985
17.6409,25.0000,-113.0000,94.6351,16.8118,-9.3831,18.0084,0.0145,1.6217,0.0111,1.2765,0.0112,1.4915,0.0190,1.3674
17.7076,25.0000,-113.0000,94.5076,16.8083,-7.3557,17.9323,0.0138,0.8616,0.0120,1.0544,0.0144,1.5230,0.0176,1.1185
17.7742,25.0000,-113.0000,94.6684,16.7895,-7.3378,17.9150,0.0132,0.0176,0.0122,0.0512,0.0137,0.0120,0.0144,0.0501
17.8410,25.0000,-113.0000,95.2857,16.7756,-5.2081,17.8927,0.0201,6.6862,0.0192,6.3188,0.0201,6.8564,0.0190,5.7697
17.9083,25.0000,-113.0000,95.2450,16.7260,-5.4162,17.8908,0.0178,1.9979,0.0166,2.6812,0.0178,1.9253,0.0186,2.2253
17.9749,25.0000,-113.0000,96.1273,16.6867,-5.2282,17.8802,0.0270,2.8698,0.0172,3.6200,0.0280,2.2623,0.0190,1.7203
18.0425,25.0000,-113.0000,96.3252,16.6586,-4.0260,17.8505,0.0194,2.7524,0.0147,0.5056,0.0225,1.4361,0.0215,0.5569
18.1093,25.0000,-113.0000,96.7945,16.5339,0.3737,17.7178,0.0116,4.3699,0.0151,3.6027,0.0139,4.9356,0.0197,3.5894
18.1765,25.0000,-113.0000,96.0839,16.5168,4.1059,17.6104,0.0134,1.0136,0.0217,1.4575,0.0190,4.2312,0.0187,1.1938
18.2424,25.0000,-113.0000,94.6162,16.4801,4.9033,17.5982,0.0162,2.1114,0.0107,3.3378,0.0199,2.9608,0.0127,4.4147
18.3076,25.0000,-113.0000,95.9304,16.4696,4.4746,17.5040,0.0152,5.5342,0.0138,5.4784,0.0164,5.7431,0.0160,5.8397
18.3756,25.0000,-113.0000,97.2962,16.4520,4.3472,17.4239,0.0165,2.6060,0.0191,3.6630,0.0248,1.0886,0.0230,2.2803
18.4436,25.0000,-113.0000,98.1765,16.4268,3.7225,17.3834,0.0152,2.0140,0.0166,1.0271,0.0211,0.3497,0.0165,1.0300
18.5112,25.0000,-113.0000,99.6846,16.3618,3.0162,17.3757,0.0138,3.3983,0.0123,4.0122,0.0412,2.1729,0.0171,2.3184
18.5794,25.0000,-113.0000,103.2812,16.2267,3.7993,17.3621,0.0123,1.8639,0.0132,2.9380,0.0467,1.4931,0.0166,2.9332
18.6496,25.0000,-113.0000,103.0666,16.2246,3.9330,17.3457,0.0132,1.1046,0.0150,1.3694,0.0519,0.0734,0.0201,1.0328
18.7161,25.0000,-113.0000,103.0177,16.2164,3.8941,17.3456,0.0140,0.2719,0.0151,0.0362,0.0435,0.3172,0.0179,0.6434
18.7827,25.0000,-113.0000,104.0380,16.2032,6.5903,17.2940,0.0130,2.4578,0.0127,4.0115,0.0259,4.0830,0.0197,2.9969
18.8504,25.0000,-113.0000,103.8469,16.1938,7.0099,17.1962,0.0101,0.1186,0.0121,0.1213,0.0247,0.0581,0.0175,0.1511
18.9168,25.0000,-113.0000,103.7170,16.1935,8.7173,17.1535,0.0124,2.5523,0.0118,1.5406,0.0192,2.4336,0.0199,1.5442
18.9834,25.0000,-113.0000,103.5426,16.1724,10.4168,17.1049,0.0102,1.2160,0.0105,0.9626,0.0147,2.2441,0.0141,1.9115
19.0499,25.0000,-113.0000,104.1470,16.1157,10.2242,17.0846,0.0089,0.2880,0.0060,0.3051,0.0121,0.5582,0.0110,0.4978
19.1171,25.0000,-113.0000,105.0201,16.1021,10.4527,17.0788,0.0092,1.7624,0.0082,2.0969,0.0140,1.2639,0.0128,2.2665
19.1847,25.0000,-113.0000,106.6282,16.0798,12.7525,17.0232,0.0056,3.6422,0.0109,3.6603,0.0182,4.7472,0.0090,7.5573
19.2530,25.0000,-113.0000,108.7433,16.0146,12.0505,17.0117,0.0153,5.5077,0.0125,2.9998,0.0257,1.7168,0.0061,1.1207
19.3217,25.0000,-113.0000,109.8603,15.9703,11.9186,16.9878,0.0178,1.2633,0.0126,1.4509,0.0273,0.8961,0.0077,1.5098
19.3895,25.0000,-113.0000,109.7530,15.9643,11.1178,16.8850,0.0117,1.5356,0.0134,0.4555,0.0238,0.2374,0.0123,0.8614
19.4561,25.0000,-113.0000,109.7526,15.9643,11.0440,16.8695,0.0146,0.6392,0.0097,0.0445,0.0270,0.3656,0.0099,0.3031
19.5228,25.0000,-113.0000,109.9342,15.9635,11.2056,16.8542,0.0112,1.4200,0.0081,1.4269,0.0209,1.9744,0.0071,1.6478
19.5896,25.0000,-113.0000,110.1296,15.9626,12.3400,16.8343,0.0106,0.6629,0.0101,1.6805,0.0210,2.3448,0.0126,3.2109
19.6565,25.0000,-113.0000,108.5078,15.8793,11.9500,16.8150,0.0062,2.5360,0.0055,1.0004,0.0172,2.3997,0.0060,3.9641
19.7215,25.0000,-113.0000,108.4603,15.8789,12.2215,16.7883,0.0071,0.1880,0.0047,0.3589,0.0162,0.5267,0.0023,0.7688
19.7881,25.0000,-113.0000,108.3191,15.8744,12.4079,16.7809,0.0040,0.5026,0.0075,0.2009,0.0140,0.2898,0.0039,0.1201
19.8547,25.0000,-113.0000,108.9155,15.8642,12.1256,16.7633,0.0059,1.3258,0.0141,1.1027,0.0136,0.8040,0.0030,0.1624
19.9219,25.0000,-113.0000,109.8946,15.8492,12.2004,16.7632,0.0105,0.2086,0.0110,2.0625,0.0172,1.4664,0.0043,1.3667
19.9896,25.0000,-113.0000,110.1620,15.8464,12.8658,16.7248,0.0080,0.6860,0.0084,0.8642,0.0171,0.6758,0.0061,0.3586
20.0565,25.0000,-113.0000,110.3961,15.8437,12.8775,16.7230,0.0134,1.6601,0.0118,1.2032,0.0215,1.7139,0.0052,1.5772
20.1234,25.0000,-113.0000,110.4186,15.8430,13.1938,16.7080,0.0145,1.5459,0.0134,1.4732,0.0221,1.7872,0.0033,1.6043
20.1901,25.0000,-113.0000,110.4062,15.8417,15.3755,16.6713,0.0082,2.6019,0.0060,2.7833,0.0138,4.5983,0.0055,5.4971
20.2567,25.0000,-113.0000,110.5999,15.8303,15.3656,16.6603,0.0082,0.0560,0.0114,0.1140,0.0138,0.0023,0.0029,0.7243
20.3236,25.0000,-113.0000,110.6537,15.8258,15.8392,16.6519,0.0123,1.6928,0.0147,2.7340,0.0191,1.5853,0.0047,2.6346
20.3903,25.0000,-113.0000,111.0966,15.8180,16.1839,16.6469,0.0112,1.2914,0.0108,1.3701,0.0170,1.3427,0.0035,0.9518
20.4574,25.0000,-113.0000,111.7838,15.8038,18.0669,16.5769,0.0082,3.1356,0.0093,2.5902,0.0139,3.3087,0.0094,2.7195
20.5248,25.0000,-113.0000,112.6148,15.7592,16.7860,16.5292,0.0104,0.8345,0.0133,1.5997,0.0164,1.3711,0.0120,1.2889
20.5923,25.0000,-113.0000,113.2432,15.6750,16.8630,16.5280,0.0117,1.0035,0.0174,0.9611,0.0165,0.8790,0.0117,1.0610
20.6596,25.0000,-113.0000,112.9079,15.6679,15.9577,16.4870,0.0141,1.4523,0.0156,1.4151,0.0183,1.2269,0.0141,2.7147
20.7259,25.0000,-113.0000,112.6571,15.6575,15.7734,16.4678,0.0165,1.5546,0.0156,0.7417,0.0192,1.7456,0.0167,0.5455
20.7923,25.0000,-113.0000,112.8223,15.6562,16.8578,16.4341,0.0155,0.8069,0.0158,0.7450,0.0166,1.7377,0.0150,0.9780
20.8592,25.0000,-113.0000,113.7057,15.5949,17.7837,16.3876,0.0159,1.3388,0.0150,0.6435,0.0192,0.6008,0.0148,0.3193
20.9267,25.0000,-113.0000,115.7228,15.5548,16.8031,16.3549,0.0163,2.9392,0.0168,4.0726,0.0175,1.7459,0.0186,2.8664
20.9954,25.0000,-113.0000,116.1598,15.5495,17.1917,16.3519,0.0166,1.2369,0.0116,1.1453,0.0166,1.5459,0.0185,1.3766
21.0625,25.0000,-113.0000,115.9081,15.5432,17.5190,16.3224,0.0205,2.1277,0.0135,1.0529,0.0168,1.5127,0.0186,1.1787
21.1289,25.0000,-113.0000,116.6721,15.5183,18.0218,16.3051,0.0171,0.3631,0.0109,0.7555,0.0136,0.4908,0.0188,0.2844
21.1963,25.0000,-113.0000,116.2626,15.5009,17.7632,16.2208,0.0136,4.1922,0.0094,2.9099,0.0109,2.4903,0.0139,3.7298
21.2626,25.0000,-113.0000,116.6518,15.4886,17.8498,16.1988,0.0153,1.2398,0.0105,0.8479,0.0116,0.2352,0.0154,0.4341
21.3297,25.0000,-113.0000,116.7938,15.4608,17.3535,16.1770,0.0169,1.5581,0.0113,0.9853,0.0134,1.9501,0.0140,1.9781
21.3965,25.0000,-113.0000,116.9660,15.4578,17.7052,16.1595,0.0121,0.6058,0.0135,0.4742,0.0119,0.2456,0.0175,0.4011
21.4633,25.0000,-113.0000,116.5986,15.4511,17.0696,16.1108,0.0177,1.5476,0.0198,2.0851,0.0163,1.4281,0.0216,2.5635
21.5296,25.0000,-113.0000,116.3397,15.3699,17.0586,16.1108,0.0183,0.8630,0.0231,0.6654,0.0203,0.7005,0.0197,0.9316
21.5960,25.0000,-113.0000,116.7918,15.3519,17.1128,16.1107,0.0249,0.5908,0.0242,0.6597,0.0242,0.6875,0.0252,0.9476
21.6631,25.0000,-113.0000,116.7850,15.3516,17.1269,16.1093,0.0240,0.0135,0.0245,0.0367,0.0246,0.0052,0.0260,0.0298
21.7298,25.0000,-113.0000,115.8753,15.3189,17.5297,16.1043,0.0230,0.7496,0.0245,2.0012,0.0225,2.8477,0.0252,2.1649
21.7955,25.0000,-113.0000,115.9153,15.3165,17.5754,16.0906,0.0231,0.0129,0.0200,0.0245,0.0207,0.0115,0.0238,0.0215
21.8622,25.0000,-113.0000,115.6781,15.3149,17.7744,16.0745,0.0212,0.3342,0.0181,1.0860,0.0158,1.5313,0.0230,2.0253
21.9287,25.0000,-113.0000,114.6915,15.3050,16.9116,16.0477,0.0177,3.1190,0.0161,3.2382,0.0171,1.1018,0.0217,1.5071
21.9944,25.0000,-113.0000,114.6558,15.2977,17.1946,16.0353,0.0171,0.0945,0.0150,0.0439,0.0142,0.2099,0.0197,0.0352
22.0610,25.0000,-113.0000,114.9689,15.2882,18.2205,15.9063,0.0179,0.2230,0.0139,0.3859,0.0147,0.3670,0.0205,0.1152
22.1280,25.0000,-113.0000,115.6663,15.2552,19.9848,15.8566,0.0162,0.3527,0.0117,0.5601,0.0156,2.0873,0.0165,1.3788
22.1953,25.0000,-113.0000,116.0772,15.2219,20.3651,15.7838,0.0145,0.2837,0.0136,0.6005,0.0113,0.3524,0.0168,0.2641
22.2624,25.0000,-113.0000,116.8465,15.1653,20.6612,15.7442,0.0134,0.1680,0.0164,0.4188,0.0127,0.4182,0.0149,0.2355
22.3298,25.0000,-113.0000,116.8398,15.1635,21.9015,15.7263,0.0191,1.8092,0.0187,1.8695,0.0164,2.7407,0.0139,2.2039
22.3965,25.0000,-113.0000,120.4249,15.0297,22.7376,15.7138,0.0171,2.1917,0.0149,4.0063,0.0168,1.7701,0.0126,1.3548
22.4668,25.0000,-113.0000,120.9164,14.9667,23.4955,15.6796,0.0188,0.3118,0.0182,0.9064,0.0168,0.7951,0.0165,0.3074
22.5339,25.0000,-113.0000,121.6418,14.9557,24.5661,15.6429,0.0189,0.9853,0.0191,1.6737,0.0165,2.4814,0.0185,1.4661
22.6013,25.0000,-113.0000,121.7879,14.9284,24.8343,15.6233,0.0219,0.1017,0.0190,0.0677,0.0155,0.1286,0.0202,0.2134
22.6681,25.0000,-113.0000,122.9833,14.8598,24.7864,15.6216,0.0202,0.1436,0.0188,0.7577,0.0180,0.0410,0.0190,0.0333
22.7360,25.0000,-113.0000,122.9794,14.8578,24.5056,15.6186,0.0150,2.3673,0.0143,3.5328,0.0135,2.6680,0.0169,4.3133
22.8026,25.0000,-113.0000,122.8935,14.8387,24.7019,15.6061,0.0140,0.2236,0.0156,0.0796,0.0129,0.0996,0.0168,0.1147
22.8692,25.0000,-113.0000,123.0186,14.8386,24.2357,15.6027,0.0081,8.4152,0.0097,7.8922,0.0119,7.0928,0.0083,6.6042
22.9360,25.0000,-113.0000,121.9030,14.7539,23.8583,15.5979,0.0088,3.4178,0.0091,0.7288,0.0113,1.3741,0.0088,1.9618
23.0016,25.0000,-113.0000,121.4608,14.7411,23.9697,15.5959,0.0074,0.5928,0.0117,0.7016,0.0119,0.2018,0.0093,0.1361
23.0678,25.0000,-113.0000,121.9269,14.7349,24.2015,15.5936,0.0054,0.7471,0.0108,1.2101,0.0105,0.8597,0.0076,0.8312
23.1349,25.0000,-113.0000,121.8029,14.7089,24.8935,15.5699,0.0081,0.1152,0.0115,0.0384,0.0122,0.6543,0.0066,0.6220
23.2015,25.0000,-113.0000,121.8263,14.7088,26.9514,15.4514,0.0096,0.3147,0.0119,0.1541,0.0174,1.2344,0.0075,0.0930
23.2682,25.0000,-113.0000,121.6303,14.7027,27.0227,15.4140,0.0111,0.1530,0.0129,0.8022,0.0184,0.1297,0.0089,0.4515
23.3346,25.0000,-113.0000,120.2941,14.6636,29.2205,15.3924,0.0112,3.1855,0.0122,1.6290,0.0167,7.5748,0.0106,1.3150
23.4000,25.0000,-113.0000,119.9705,14.6571,30.1666,15.3700,0.0095,0.6192,0.0096,1.6794,0.0117,2.2518,0.0096,0.5454
23.4663,25.0000,-113.0000,119.6921,14.6544,30.9902,15.3430,0.0097,0.5547,0.0054,0.9653,0.0087,0.9813,0.0092,0.4937
23.5327,25.0000,-113.0000,120.7537,14.6464,28.0547,15.2119,0.0067,9.9510,0.0104,6.3011,0.0034,4.1985,0.0091,6.9311
23.6004,25.0000,-113.0000,120.7031,14.6452,28.1482,15.1899,0.0030,0.1126,0.0112,0.2002,0.0035,0.0971,0.0059,0.1238
23.6670,25.0000,-113.0000,120.8574,14.6270,28.9471,15.1671,0.0087,6.1603,0.0147,4.8316,0.0032,3.4878,0.0094,3.9165
23.7339,25.0000,-113.0000,121.9896,14.6046,30.0071,15.1462,0.0149,2.7947,0.0196,2.1236,0.0039,2.4508,0.0073,2.6112
23.8017,25.0000,-113.0000,121.9877,14.5874,30.1697,15.1297,0.0139,0.1660,0.0211,0.0325,0.0079,0.0598,0.0098,0.2084
23.8683,25.0000,-113.0000,121.5182,14.5769,29.9193,15.1162,0.0146,1.2756,0.0172,0.7267,0.0112,0.6506,0.0091,0.6442
23.9345,25.0000,-113.0000,121.7759,14.5705,31.3683,15.0701,0.0161,0.7009,0.0174,1.0622,0.0107,1.7127,0.0122,0.9566
24.0014,25.0000,-113.0000,122.1637,14.5318,31.3305,15.0118,0.0162,0.9341,0.0154,0.4669,0.0096,0.3991,0.0174,0.8102
24.0685,25.0000,-113.0000,122.4175,14.4964,31.4575,15.0080,0.0151,0.2066,0.0171,0.3732,0.0092,0.1928,0.0159,0.2940
24.1354,25.0000,-113.0000,122.6511,14.4948,30.8953,14.9786,0.0115,0.3357,0.0185,1.2092,0.0084,0.3898,0.0143,0.4630
24.2023,25.0000,-113.0000,122.5873,14.4947,32.3683,14.9420,0.0188,2.6142,0.0212,1.4129,0.0120,1.9984,0.0152,1.9610
24.2689,25.0000,-113.0000,122.0033,14.4814,33.6923,14.9154,0.0177,2.8881,0.0209,1.1748,0.0117,2.3871,0.0129,0.3439
24.3350,25.0000,-113.0000,122.1385,14.4799,33.0749,14.8937,0.0167,0.7611,0.0192,0.4342,0.0119,0.7317,0.0175,0.1837
24.4018,25.0000,-113.0000,122.1908,14.4742,33.8174,14.8803,0.0155,2.1969,0.0158,1.6783,0.0110,1.6485,0.0178,0.5918
24.4685,25.0000,-113.0000,122.1734,14.4222,34.2229,14.8458,0.0166,0.5939,0.0166,0.7723,0.0102,0.7196,0.0203,0.5511
24.5352,25.0000,-113.0000,121.1763,14.3930,33.5389,14.8313,0.0200,3.3677,0.0205,1.4653,0.0108,2.5181,0.0274,1.9378
24.6008,25.0000,-113.0000,120.3943,14.3661,33.1316,14.8001,0.0242,2.3772,0.0219,2.4757,0.0147,2.0857,0.0286,2.3801
24.6667,25.0000,-113.0000,119.4173,14.3503,35.5815,14.7605,0.0263,6.1553,0.0229,5.9573,0.0136,8.0354,0.0300,5.3521
24.7324,25.0000,-113.0000,119.3653,14.3185,37.1217,14.6946,0.0224,0.5834,0.0263,0.1583,0.0128,1.2204,0.0308,1.2142
24.7990,25.0000,-113.0000,120.8497,14.2409,36.8450,14.6724,0.0212,0.2040,0.0202,1.2217,0.0124,0.2607,0.0230,0.5608
24.8672,25.0000,-113.0000,119.7964,14.2299,36.5718,14.6670,0.0235,6.7247,0.0145,6.5726,0.0107,6.8881,0.0248,7.5377
24.9328,25.0000,-113.0000,119.8754,14.2297,36.8663,14.6572,0.0216,1.3280,0.0181,1.2738,0.0035,1.1521,0.0250,1.2303
24.9995,25.0000,-113.0000,119.6831,14.2257,36.5819,14.6336,0.0181,0.3780,0.0217,0.3441,0.0052,0.5411,0.0297,0.6289
25.0660,25.0000,-113.0000,120.1306,14.2226,36.5102,14.5918,0.0242,2.5629,0.0272,2.4044,0.0092,1.7954,0.0287,1.7197
25.1331,25.0000,-113.0000,119.9710,14.2160,36.7549,14.5840,0.0282,0.8721,0.0325,0.4380,0.0128,0.5754,0.0245,1.1221
25.1996,25.0000,-113.0000,120.2994,14.1999,36.9015,14.5664,0.0315,0.0719,0.0340,0.2741,0.0186,0.0754,0.0296,0.1204
25.2666,25.0000,-113.0000,121.8027,14.1944,34.9641,14.5515,0.0281,10.7296,0.0253,14.9973,0.0153,8.9801,0.0234,9.8425
25.3348,25.0000,-113.0000,120.6775,14.1475,35.3236,14.5504,0.0241,4.3423,0.0202,1.5328,0.0087,4.6310,0.0225,3.3819
25.4003,25.0000,-113.0000,120.7544,14.1425,35.4175,14.5479,0.0239,0.4551,0.0194,0.2343,0.0071,0.4513,0.0287,0.7369
25.4671,25.0000,-113.0000,120.8487,14.1395,35.2896,14.5411,0.0205,0.1026,0.0199,0.3408,0.0050,0.0845,0.0294,0.0995
25.5338,25.0000,-113.0000,120.7633,14.1177,35.5680,14.4956,0.0213,1.0492,0.0238,0.5862,0.0078,0.5742,0.0269,1.4803
25.6004,25.0000,-113.0000,122.1792,14.0791,35.0940,14.3513,0.0170,2.8896,0.0211,1.9750,0.0092,0.9016,0.0229,1.4223
25.6685,25.0000,-113.0000,122.0011,14.0759,34.6776,14.3380,0.0279,2.2670,0.0275,0.8431,0.0171,0.5803,0.0275,1.5578
25.7350,25.0000,-113.0000,122.5755,14.0654,34.5593,14.3323,0.0253,1.4272,0.0277,1.9158,0.0181,1.2954,0.0289,1.5021
25.8022,25.0000,-113.0000,122.9127,14.0593,33.5846,14.3173,0.0268,2.5053,0.0259,2.5712,0.0156,3.3099,0.0316,2.7092
25.8692,25.0000,-113.0000,123.5669,14.0408,33.9032,14.3093,0.0273,1.0831,0.0239,1.4814,0.0189,1.0871,0.0299,1.1224
25.9366,25.0000,-113.0000,123.5391,14.0311,33.7030,14.3068,0.0279,1.3790,0.0190,0.8156,0.0167,1.1385,0.0299,1.0308
26.0032,25.0000,-113.0000,123.5341,14.0279,33.4507,14.2865,0.0299,1.2277,0.0211,0.8826,0.0153,1.1667,0.0343,0.7990
26.0699,25.0000,-113.0000,123.2470,14.0110,33.3700,14.2698,0.0304,0.3525,0.0196,0.1751,0.0161,0.1476,0.0384,0.2891
26.1362,25.0000,-113.0000,123.1669,13.9730,33.1627,14.2414,0.0234,2.3957,0.0209,0.0080,0.0108,0.5020,0.0321,2.9097
26.2028,25.0000,-113.0000,124.2996,13.9435,32.9689,14.2383,0.0228,0.4457,0.0178,1.7228,0.0105,0.5839,0.0284,0.7993
26.2706,25.0000,-113.0000,123.4076,13.9161,32.6275,14.2056,0.0208,3.4012,0.0133,1.5379,0.0105,1.9922,0.0187,4.9872
26.3364,25.0000,-113.0000,123.5328,13.9023,32.5221,14.2042,0.0167,0.1783,0.0153,0.1159,0.0076,0.3107,0.0204,0.1889
26.4032,25.0000,-113.0000,124.1930,13.8707,33.2562,14.1888,0.0227,4.8346,0.0182,6.6594,0.0154,5.1011,0.0286,4.6999
26.4705,25.0000,-113.0000,124.3422,13.8687,34.0542,14.1813,0.0260,2.5190,0.0243,2.5496,0.0138,3.0701,0.0240,2.7622
26.5373,25.0000,-113.0000,125.0046,13.8516,32.7787,14.1667,0.0527,6.4626,0.0746,5.7039,0.0191,7.9481,0.0390,6.8557
26.6047,25.0000,-113.0000,125.4962,13.8315,32.9558,14.1619,0.0371,0.2391,0.0406,0.4364,0.0160,0.2425,0.0345,0.4548
26.6718,25.0000,-113.0000,125.4972,13.8071,33.0714,14.1578,0.0501,1.6284,0.0510,0.9371,0.0121,2.5455,0.0496,1.6117
26.7385,25.0000,-113.0000,125.3587,13.7730,33.9382,14.1173,0.0414,0.3951,0.0442,0.2521,0.0138,0.8147,0.0448,0.1522
26.8050,25.0000,-113.0000,125.2261,13.7675,32.9863,14.1072,0.0182,5.0090,0.0253,4.4393,0.0049,3.2038,0.0235,5.8418
26.8716,25.0000,-113.0000,125.6961,13.7529,33.1218,14.1014,0.0186,0.0925,0.0255,0.5507,0.0021,0.1118,0.0205,0.0525
26.9387,25.0000,-113.0000,126.0120,13.7300,33.1991,14.0857,0.0151,0.2198,0.0215,0.4600,0.0025,0.0168,0.0138,0.1438
27.0057,25.0000,-113.0000,127.3150,13.6841,32.2641,14.0652,0.0176,2.4061,0.0219,2.5937,0.0031,1.6803,0.0138,2.3959
27.0736,25.0000,-113.0000,127.5482,13.6756,31.9415,14.0352,0.0142,5.1010,0.0166,4.3413,0.0011,2.5896,0.0155,3.9179
27.1405,25.0000,-113.0000,127.9870,13.6706,31.2715,14.0174,0.0060,3.0021,0.0102,2.6462,0.0055,2.1942,0.0080,3.3653
27.2077,25.0000,-113.0000,128.1627,13.6364,31.5668,14.0099,0.0084,0.8483,0.0106,0.9952,0.0082,1.6764,0.0059,2.0240
27.2745,25.0000,-113.0000,128.2436,13.6319,31.2587,13.9905,0.0050,0.6568,0.0096,0.5224,0.0117,0.2391,0.0060,0.3778
27.3412,25.0000,-113.0000,128.1521,13.6271,31.1268,13.9882,0.0045,0.0967,0.0077,0.3322,0.0112,0.2982,0.0057,0.0884
27.4078,25.0000,-113.0000,128.5487,13.6183,31.8409,13.9594,0.0089,0.6719,0.0060,1.1806,0.0140,0.6840,0.0101,1.9595
27.4749,25.0000,-113.0000,128.2494,13.6118,31.1623,13.9481,0.0085,2.4747,0.0100,1.3885,0.0127,2.0325,0.0131,1.9208
27.5412,25.0000,-113.0000,126.8830,13.6011,32.3346,13.9200,0.0078,6.3556,0.0092,6.4999,0.0192,6.4887,0.0132,6.0126
27.6065,25.0000,-113.0000,126.1730,13.5876,32.1975,13.8972,0.0074,1.5412,0.0083,2.0295,0.0170,2.7017,0.0053,3.7184
27.6725,25.0000,-113.0000,126.1486,13.5482,31.5736,13.8784,0.0064,1.7512,0.0034,1.7667,0.0170,1.0935,0.0053,1.1264
27.7391,25.0000,-113.0000,126.7559,13.5157,32.0905,13.8475,0.0089,0.1496,0.0024,0.4542,0.0151,0.3134,0.0078,0.1512
27.8064,25.0000,-113.0000,126.5960,13.4999,31.9520,13.8395,0.0063,0.0700,0.0011,0.1728,0.0161,0.5045,0.0070,0.0978
27.8729,25.0000,-113.0000,126.2192,13.4947,31.4703,13.7982,0.0077,0.4404,0.0027,1.0313,0.0150,0.6562,0.0069,0.6690
27.9392,25.0000,-113.0000,126.1377,13.4803,31.8828,13.7895,0.0041,0.6466,0.0019,0.3402,0.0103,0.8190,0.0063,0.9504
28.0058,25.0000,-113.0000,128.1565,13.4499,33.9000,13.7676,0.0041,5.8945,0.0092,6.8925,0.0072,6.9253,0.0031,6.2383
28.0745,25.0000,-113.0000,127.3345,13.4378,35.6835,13.7467,0.0057,3.3556,0.0145,4.1112,0.0055,5.6687,0.0126,4.2540
28.1403,25.0000,-113.0000,127.0654,13.4242,34.9050,13.7241,0.0086,3.4145,0.0203,3.6513,0.0077,2.1625,0.0123,2.1880
28.2067,25.0000,-113.0000,127.3376,13.4139,34.7921,13.7198,0.0093,0.1736,0.0161,0.3222,0.0072,0.3021,0.0091,0.3188
28.2737,25.0000,-113.0000,127.2950,13.4072,35.0603,13.7013,0.0131,0.0796,0.0152,0.0119,0.0066,0.1818,0.0097,0.1757
28.3403,25.0000,-113.0000,127.5636,13.3937,35.3516,13.6962,0.0100,0.4180,0.0159,1.1063,0.0055,1.1449,0.0125,0.3732
28.4072,25.0000,-113.0000,127.2461,13.3890,34.7333,13.6822,0.0149,3.2053,0.0210,3.5682,0.0103,2.9475,0.0172,2.2109
28.4736,25.0000,-113.0000,126.9006,13.3790,35.0819,13.6756,0.0154,0.6514,0.0219,0.7477,0.0131,2.4202,0.0227,4.0338
28.5399,25.0000,-113.0000,126.9054,13.3775,35.1891,13.6744,0.0135,0.1150,0.0186,0.2228,0.0077,0.3637,0.0195,0.3140
28.6066,25.0000,-113.0000,126.7726,13.2435,35.3001,13.6643,0.0083,1.8626,0.0250,0.2882,0.0028,1.3808,0.0140,0.7594
28.6731,25.0000,-113.0000,125.1491,13.2199,37.6396,13.6374,0.0148,6.2118,0.0287,4.2476,0.0144,8.4912,0.0194,5.9961
28.7381,25.0000,-113.0000,125.3982,13.2151,39.4311,13.5826,0.0208,1.2069,0.0229,1.9856,0.0144,3.5063,0.0141,1.0170
28.8051,25.0000,-113.0000,123.5189,13.1703,39.2876,13.5824,0.0173,3.6261,0.0215,3.1992,0.0089,3.4504,0.0189,3.6108
28.8699,25.0000,-113.0000,123.3260,13.1663,39.2300,13.5797,0.0133,3.2587,0.0211,3.4904,0.0065,3.2936,0.0220,3.5779
28.9363,25.0000,-113.0000,123.2493,13.1644,39.7314,13.5609,0.0117,1.1698,0.0234,1.3090,0.0089,1.4926,0.0189,1.3144
29.0029,25.0000,-113.0000,124.1979,13.1459,40.8827,13.5316,0.0138,1.4010,0.0248,1.9291,0.0128,1.7464,0.0172,0.8469
29.0705,25.0000,-113.0000,123.8918,13.1403,40.9886,13.5313,0.0095,3.9237,0.0188,2.5000,0.0061,2.9368,0.0123,1.7751
29.1369,25.0000,-113.0000,124.1188,13.1392,41.3822,13.5230,0.0132,4.6624,0.0190,2.1187,0.0101,2.0344,0.0125,2.4476
29.2038,25.0000,-113.0000,123.8963,13.1307,41.4093,13.5225,0.0121,0.2827,0.0185,0.2413,0.0089,0.2035,0.0122,0.5676
29.2702,25.0000,-113.0000,123.9122,13.1115,41.7652,13.5145,0.0116,0.6357,0.0127,0.5832,0.0048,0.6471,0.0112,0.5624
29.3369,25.0000,-113.0000,124.8635,13.0960,42.2493,13.4945,0.0101,3.2869,0.0129,3.2189,0.0031,4.0072,0.0072,3.5498
29.4045,25.0000,-113.0000,125.3626,13.0436,42.0718,13.4919,0.0024,2.3955,0.0146,1.9457,0.0053,2.8570,0.0071,1.8249
29.4717,25.0000,-113.0000,125.4445,13.0420,41.7461,13.4773,0.0059,0.6144,0.0184,0.8185,0.0033,0.6439,0.0068,0.7548
29.5384,25.0000,-113.0000,125.7200,13.0343,40.9875,13.4486,0.0064,1.1933,0.0198,1.3112,0.0049,1.5757,0.0050,1.2735
29.6054,25.0000,-113.0000,125.3563,13.0229,41.0070,13.4479,0.0136,2.0372,0.0207,1.1405,0.0066,1.2821,0.0081,1.2297
29.6717,25.0000,-113.0000,124.8615,13.0178,40.3660,13.4338,0.0113,3.1372,0.0210,2.3456,0.0055,2.4443,0.0115,1.6152
29.7379,25.0000,-113.0000,125.8326,12.9414,40.6572,13.4095,0.0116,0.9360,0.0188,1.1784,0.0052,0.8454,0.0153,1.3505
29.8055,25.0000,-113.0000,125.7246,12.9409,40.4917,13.3887,0.0140,0.9700,0.0189,1.0145,0.0088,1.0596,0.0162,1.1510
29.8721,25.0000,-113.0000,123.8418,12.8939,39.0735,13.3638,0.0195,5.4624,0.0202,3.4502,0.0121,3.0570,0.0215,4.2471
29.9368,25.0000,-113.0000,123.3425,12.8862,38.9003,13.3590,0.0155,2.8596,0.0181,1.8067,0.0074,1.9227,0.0230,1.6104
30.0030,25.0000,-113.0000,123.9108,12.8628,37.5347,13.2829,0.0127,0.8896,0.0119,2.6545,0.0039,1.0954,0.0234,0.6834
30.0702,25.0000,-113.0000,124.4876,12.8461,37.2923,13.2776,0.0115,1.4779,0.0102,1.5697,0.0072,1.1338,0.0192,1.3015
30.1375,25.0000,-113.0000,125.0724,12.8411,37.5478,13.2748,0.0093,1.3980,0.0158,3.9110,0.0068,2.3980,0.0198,1.3265
30.2047,25.0000,-113.0000,124.9660,12.8391,37.8192,13.2487,0.0102,1.6147,0.0140,0.8021,0.0066,2.1399,0.0200,0.6544
30.2713,25.0000,-113.0000,124.9968,12.8386,37.6206,13.2381,0.0140,0.0919,0.0159,0.0673,0.0083,0.1620,0.0148,0.0836
30.3380,25.0000,-113.0000,125.1776,12.8382,37.4299,13.2321,0.0139,4.8184,0.0107,5.5132,0.0094,6.1714,0.0148,4.9742
30.4048,25.0000,-113.0000,125.4485,12.8168,37.2975,13.2168,0.0176,0.8743,0.0137,0.6580,0.0079,0.2130,0.0199,0.2716
30.4718,25.0000,-113.0000,124.6984,12.8107,38.4742,13.1912,0.0125,5.0827,0.0134,3.9446,0.0063,4.4532,0.0210,3.9858
30.5377,25.0000,-113.0000,124.4783,12.8055,38.4348,13.1780,0.0118,0.6431,0.0133,0.3710,0.0119,0.1596,0.0166,2.0341
30.6041,25.0000,-113.0000,124.6867,12.7933,38.8411,13.1669,0.0123,0.4409,0.0116,0.7584,0.0103,0.5782,0.0074,1.5088
30.6710,25.0000,-113.0000,125.1871,12.7637,38.7343,13.1586,0.0128,0.4515,0.0148,0.6030,0.0103,1.1856,0.0117,0.5899
30.7382,25.0000,-113.0000,126.6395,12.7327,37.8375,13.1479,0.0160,3.0395,0.0194,2.7285,0.0117,2.8576,0.0158,4.8995
30.8063,25.0000,-113.0000,127.8420,12.6715,38.0463,13.1451,0.0206,0.6260,0.0215,0.9532,0.0156,0.6599,0.0206,2.0811
30.8742,25.0000,-113.0000,128.0424,12.6120,38.4030,13.1332,0.0238,0.4908,0.0268,0.6065,0.0164,0.4376,0.0235,0.4166
30.9410,25.0000,-113.0000,128.2481,12.6111,38.5076,13.1247,0.0209,1.9496,0.0277,2.3812,0.0150,1.4342,0.0208,2.8484
31.0079,25.0000,-113.0000,128.5716,12.6075,38.1815,13.1208,0.0221,1.0361,0.0311,1.1508,0.0182,1.0657,0.0193,0.9296
31.0749,25.0000,-113.0000,128.4200,12.6062,37.9488,13.1179,0.0222,1.3216,0.0307,1.0112,0.0203,1.3543,0.0181,0.4327
31.1414,25.0000,-113.0000,129.7453,12.5716,37.7794,13.1143,0.0295,1.6454,0.0378,3.2087,0.0275,2.6203,0.0267,2.4846
31.2094,25.0000,-113.0000,129.7473,12.5698,37.5996,13.1040,0.0310,0.8378,0.0374,0.6763,0.0267,0.7594,0.0313,0.5010
31.2761,25.0000,-113.0000,129.8054,12.5598,36.5220,13.0720,0.0353,2.0222,0.0436,2.1855,0.0283,2.0002,0.0379,1.7707
31.3428,25.0000,-113.0000,130.0540,12.5384,36.0680,13.0616,0.0330,0.8059,0.0398,2.9667,0.0316,1.1530,0.0329,1.9579
31.4097,25.0000,-113.0000,129.4647,12.5287,36.4903,13.0565,0.0354,2.5051,0.0341,1.7222,0.0315,2.3224,0.0340,3.2494
31.4758,25.0000,-113.0000,129.4020,12.5145,37.0174,13.0526,0.0316,3.7752,0.0338,1.1870,0.0266,2.7539,0.0341,1.6222
31.5424,25.0000,-113.0000,129.2722,12.5110,36.7723,13.0518,0.0237,4.5920,0.0275,4.3267,0.0176,4.6911,0.0343,3.6183
31.6089,25.0000,-113.0000,128.5497,12.5071,37.7825,13.0455,0.0203,4.3810,0.0210,6.1476,0.0148,6.8427,0.0270,6.3212
31.6749,25.0000,-113.0000,128.5861,12.4967,37.6676,13.0401,0.0185,0.2152,0.0195,0.5653,0.0107,0.2708,0.0233,0.6985
31.7416,25.0000,-113.0000,128.2674,12.4880,37.4271,13.0364,0.0211,1.0819,0.0272,0.8625,0.0133,0.7889,0.0283,0.3853
31.8079,25.0000,-113.0000,128.6798,12.4683,37.5537,13.0339,0.0201,0.2375,0.0257,0.3809,0.0155,0.2437,0.0238,0.2461
31.8750,25.0000,-113.0000,128.3108,12.4661,37.1369,13.0249,0.0216,1.8127,0.0215,2.6535,0.0148,4.5246,0.0192,3.4883
31.9413,25.0000,-113.0000,128.3639,12.4649,37.0553,13.0241,0.0205,0.1349,0.0214,0.4958,0.0111,0.3179,0.0168,0.6448
32.0080,25.0000,-113.0000,128.5582,12.4641,36.7182,13.0078,0.0184,1.2022,0.0189,1.9572,0.0114,0.3188,0.0223,1.2501
32.0749,25.0000,-113.0000,128.3682,12.4536,36.8320,13.0025,0.0199,2.2977,0.0175,3.1092,0.0124,2.4031,0.0207,2.9397
32.1414,25.0000,-113.0000,126.6061,12.4001,37.3917,12.9989,0.0138,5.6516,0.0090,2.3443,0.0065,3.5081,0.0151,3.9696
32.2063,25.0000,-113.0000,126.0978,12.3830,37.8511,12.9497,0.0131,3.9424,0.0186,5.6588,0.0037,2.8830,0.0206,4.0560
32.2724,25.0000,-113.0000,126.2440,12.3814,37.8475,12.9471,0.0099,1.0867,0.0176,1.4222,0.0050,0.9188,0.0182,1.3348
32.3392,25.0000,-113.0000,126.4453,12.3804,38.1565,12.9337,0.0098,2.2145,0.0162,1.7912,0.0012,2.8839,0.0122,1.0528
32.4061,25.0000,-113.0000,126.4551,12.3742,37.7628,12.9224,0.0057,1.3282,0.0129,0.3739,0.0018,0.5522,0.0118,0.7316
32.4728,25.0000,-113.0000,127.2267,12.3679,37.0064,12.9080,0.0076,3.7483,0.0086,5.0650,0.0039,4.9998,0.0111,4.4896
32.5402,25.0000,-113.0000,127.1048,12.3611,37.6778,12.8456,0.0087,1.1138,0.0051,0.8821,0.0041,1.1054,0.0097,0.8024
32.6068,25.0000,-113.0000,126.4942,12.3518,37.1107,12.8221,0.0110,2.0985,0.0031,1.7114,0.0069,0.5437,0.0152,1.9808
32.6728,25.0000,-113.0000,128.3365,12.3184,37.5590,12.8184,0.0049,3.6829,0.0062,4.4742,0.0184,4.0752,0.0106,4.6653
32.7413,25.0000,-113.0000,128.3753,12.3077,37.5213,12.7862,0.0106,1.1953,0.0133,1.1839,0.0188,0.4662,0.0068,1.8198
32.8080,25.0000,-113.0000,128.7756,12.2968,37.5185,12.7783,0.0083,0.3998,0.0137,0.7737,0.0226,0.4382,0.0082,0.3682
32.8751,25.0000,-113.0000,128.6081,12.2949,37.4445,12.7473,0.0115,2.4223,0.0131,2.7280,0.0246,2.6611,0.0078,2.4202
32.9416,25.0000,-113.0000,129.0574,12.2815,37.4180,12.7473,0.0149,1.8587,0.0145,2.0628,0.0252,1.6541,0.0098,1.8986
33.0087,25.0000,-113.0000,127.5460,12.2156,36.8520,12.7446,0.0136,3.7811,0.0198,3.0814,0.0232,4.6763,0.0089,8.4973
33.0739,25.0000,-113.0000,127.5772,12.2117,36.2503,12.7125,0.0128,0.6470,0.0170,0.7387,0.0241,0.7642,0.0086,0.7407
33.1406,25.0000,-113.0000,128.5034,12.1959,36.4383,12.7110,0.0164,2.1179,0.0127,2.2913,0.0253,2.0619,0.0061,1.6011
33.2082,25.0000,-113.0000,129.5958,12.1895,35.3935,12.6948,0.0098,6.7585,0.0010,7.7180,0.0165,8.4786,0.0031,6.9800
33.2759,25.0000,-113.0000,129.1850,12.1873,36.3750,12.6780,0.0021,6.0329,0.0017,3.2481,0.0092,5.3410,0.0024,4.6338
33.3422,25.0000,-113.0000,129.1368,12.1854,36.4930,12.6707,0.0046,0.8914,0.0061,0.8424,0.0042,0.9551,0.0022,0.8181
33.4088,25.0000,-113.0000,128.5171,12.1506,36.1651,12.6643,0.0041,2.4463,0.0058,0.5455,0.0137,0.8497,0.0003,1.1951
33.4749,25.0000,-113.0000,128.7065,12.1402,36.2974,12.6400,0.0085,1.0558,0.0103,1.0920,0.0089,1.2589,0.0038,1.0219
33.5417,25.0000,-113.0000,128.5271,12.1337,35.9225,12.6312,0.0043,0.4556,0.0072,0.3479,0.0109,0.6995,0.0011,1.0334
33.6082,25.0000,-113.0000,128.5550,12.1332,35.8564,12.6244,0.0086,0.0109,0.0047,0.0706,0.0126,0.1233,0.0033,0.0407
33.6749,25.0000,-113.0000,128.7994,12.1328,36.3121,12.6233,0.0005,6.7113,0.0070,6.6465,0.0034,9.4037,0.0052,6.0564
33.7418,25.0000,-113.0000,128.4848,12.1108,36.3348,12.6210,0.0017,1.6535,0.0042,0.2402,0.0034,0.5690,0.0019,0.2866
33.8082,25.0000,-113.0000,128.4194,12.1080,36.2862,12.6199,0.0043,0.2028,0.0085,0.1584,0.0032,0.2332,0.0029,0.2147
33.8748,25.0000,-113.0000,128.4636,12.1054,37.2624,12.6093,0.0051,3.6751,0.0061,2.2585,0.0050,3.6017,0.0004,3.5730
33.9415,25.0000,-113.0000,128.3959,12.1006,37.2044,12.6036,0.0038,0.2425,0.0047,0.3238,0.0056,0.5116,0.0046,0.2185
34.0081,25.0000,-113.0000,129.5072,12.0430,37.4982,12.5883,0.0047,0.6789,0.0054,1.0240,0.0056,0.6894,0.0054,0.6906
34.0758,25.0000,-113.0000,129.5011,12.0378,37.1075,12.5847,0.0060,1.9133,0.0036,2.1432,0.0068,2.2636,0.0070,1.9903
34.1425,25.0000,-113.0000,129.4844,12.0292,36.9312,12.5814,0.0045,1.0779,0.0041,0.4438,0.0024,0.3813,0.0050,0.4573
34.2092,25.0000,-113.0000,129.8574,12.0234,36.3954,12.5705,0.0077,4.9188,0.0060,3.6542,0.0045,3.4077,0.0140,6.3250
34.2762,25.0000,-113.0000,130.3555,11.9986,36.3733,12.5323,0.0073,0.6156,0.0028,1.1228,0.0042,0.4991,0.0219,0.9287
34.3434,25.0000,-113.0000,130.2880,11.9907,37.7432,12.5104,0.0042,3.5270,0.0036,2.1102,0.0067,3.5436,0.0113,4.0356
34.4100,25.0000,-113.0000,130.6110,11.9877,37.1597,12.5057,0.0093,7.4361,0.0077,7.8291,0.0143,7.6826,0.0131,7.7646
34.4769,25.0000,-113.0000,130.9786,11.9811,37.6632,12.4919,0.0098,0.3191,0.0044,0.8984,0.0115,1.0951,0.0111,0.0986
34.5440,25.0000,-113.0000,131.8651,11.9748,36.7084,12.4401,0.0038,5.8924,0.0077,5.9816,0.0046,3.6174,0.0132,6.4021
34.6115,25.0000,-113.0000,131.4669,11.9574,36.6086,12.4387,0.0069,2.1001,0.0060,0.8783,0.0018,1.1258,0.0118,1.5018
34.6778,25.0000,-113.0000,131.6650,11.9559,36.8831,12.4283,0.0083,1.9222,0.0065,1.9828,0.0067,1.9752,0.0098,2.1770
34.7447,25.0000,-113.0000,131.7550,11.9506,36.9881,12.4079,0.0045,0.6529,0.0044,0.1950,0.0072,0.3777,0.0090,0.8396
34.8114,25.0000,-113.0000,131.4622,11.9441,36.8682,12.4071,0.0034,0.6778,0.0026,0.6641,0.0102,0.7015,0.0073,1.0549
34.8778,25.0000,-113.0000,132.0401,11.9146,36.7708,12.4057,0.0045,0.2939,0.0057,0.6357,0.0085,0.3210,0.0051,0.3336
34.9450,25.0000,-113.0000,131.8858,11.9125,37.5752,12.3661,0.0044,0.3735,0.0046,0.6207,0.0090,0.7111,0.0043,0.1031
35.0116,25.0000,-113.0000,131.8884,11.9125,37.5749,12.3650,0.0096,3.8126,0.0022,2.5775,0.0161,1.8918,0.0035,1.7510
35.0782,25.0000,-113.0000,132.0239,11.9098,37.0091,12.2944,0.0108,1.4558,0.0053,2.0150,0.0084,0.2511,0.0106,1.8189
35.1450,25.0000,-113.0000,132.6159,11.8707,37.4330,12.2907,0.0036,4.6486,0.0084,4.2767,0.0066,4.4216,0.0114,4.7703
35.2123,25.0000,-113.0000,133.8901,11.8436,37.0103,12.2683,0.0036,0.6542,0.0073,3.0667,0.0078,0.4999,0.0053,0.4246
35.2802,25.0000,-113.0000,133.7635,11.8321,38.1283,12.2260,0.0106,4.4139,0.0085,3.2332,0.0170,3.6007,0.0069,4.1210
35.3468,25.0000,-113.0000,132.6673,11.8155,39.0761,12.2180,0.0053,8.9069,0.0028,4.6478,0.0099,5.4176,0.0036,5.0871
35.4123,25.0000,-113.0000,133.0029,11.7767,39.4020,12.2136,0.0057,2.0993,0.0063,2.3313,0.0126,1.9432,0.0071,2.0011
35.4793,25.0000,-113.0000,133.0748,11.7673,39.5205,12.2121,0.0044,0.2270,0.0113,0.2972,0.0059,0.6802,0.0074,0.4659
35.5461,25.0000,-113.0000,133.3579,11.7645,39.2824,12.2086,0.0072,3.6538,0.0113,2.9283,0.0042,1.7434,0.0017,3.6151
35.6130,25.0000,-113.0000,133.3675,11.7624,39.2841,12.2078,0.0113,0.1037,0.0084,0.0799,0.0043,0.1313,0.0022,0.2642
35.6797,25.0000,-113.0000,132.4065,11.7593,40.2355,12.2046,0.0140,12.5100,0.0121,12.9075,0.0084,14.0698,0.0139,12.8380
35.7454,25.0000,-113.0000,131.9410,11.7579,39.5736,12.2010,0.0183,8.2923,0.0184,6.7425,0.0105,5.3600,0.0224,7.4692
35.8116,25.0000,-113.0000,132.0537,11.7430,39.7828,12.1803,0.0156,1.1010,0.0206,1.1417,0.0103,1.0188,0.0199,1.1443
35.8784,25.0000,-113.0000,132.5121,11.7409,39.4000,12.1603,0.0144,2.2332,0.0156,4.1615,0.0136,1.7778,0.0122,5.0056
35.9455,25.0000,-113.0000,132.9521,11.7296,39.1383,12.1553,0.0168,0.6368,0.0142,1.5493,0.0131,0.5895,0.0108,0.6403
36.0126,25.0000,-113.0000,133.2941,11.7142,38.9130,12.1515,0.0158,0.4659,0.0149,0.5105,0.0139,0.9265,0.0157,2.0091
36.0796,25.0000,-113.0000,133.7015,11.6813,39.6022,12.1375,0.0123,1.9102,0.0133,0.7231,0.0114,1.4558,0.0171,0.8326
36.1467,25.0000,-113.0000,133.8252,11.6733,39.6847,12.1016,0.0083,2.4683,0.0097,1.2683,0.0083,0.9358,0.0113,1.6714
36.2135,25.0000,-113.0000,133.9405,11.6466,39.4287,12.0872,0.0078,0.0240,0.0126,0.0335,0.0074,0.1881,0.0109,0.0572
36.2803,25.0000,-113.0000,133.7438,11.6455,39.5845,12.0847,0.0092,0.6586,0.0121,2.1181,0.0095,1.0448,0.0132,0.9784
36.3467,25.0000,-113.0000,133.4693,11.6444,40.2224,12.0788,0.0077,2.5290,0.0083,3.0158,0.0034,3.8919,0.0078,4.7380
36.4131,25.0000,-113.0000,133.4343,11.6402,40.1237,12.0780,0.0045,0.8156,0.0110,0.7835,0.0030,0.6915,0.0084,0.5386
36.4798,25.0000,-113.0000,133.4869,11.6382,40.0850,12.0765,0.0010,3.5246,0.0049,2.4115,0.0031,3.9209,0.0021,5.4077
36.5465,25.0000,-113.0000,133.5078,11.6289,40.1419,12.0693,0.0022,0.0949,0.0092,0.1582,0.0037,0.0317,0.0027,1.4073
36.6132,25.0000,-113.0000,133.3432,11.6217,40.0745,12.0568,0.0017,0.2547,0.0096,0.1667,0.0040,0.5707,0.0009,0.5517
36.6797,25.0000,-113.0000,133.4001,11.6177,40.4246,12.0479,0.0037,0.0033,0.0112,0.0341,0.0057,0.6557,0.0015,0.0177
36.7464,25.0000,-113.0000,134.3835,11.6075,40.8276,12.0377,0.0049,1.9070,0.0085,4.0881,0.0069,2.9633,0.0050,2.2194
36.8141,25.0000,-113.0000,134.5455,11.6030,40.8081,12.0337,0.0071,0.7629,0.0103,0.2884,0.0047,0.2236,0.0048,0.1925
36.8809,25.0000,-113.0000,135.1095,11.5815,41.2649,12.0261,0.0087,1.2481,0.0133,2.3777,0.0028,1.4125,0.0078,2.3582
36.9481,25.0000,-113.0000,135.5345,11.5774,41.3810,12.0218,0.0071,1.2991,0.0120,2.0688,0.0035,1.2911,0.0063,0.9772
37.0152,25.0000,-113.0000,135.4822,11.5646,41.6764,12.0179,0.0064,0.4754,0.0068,0.7411,0.0031,1.0028,0.0077,0.6467
37.0818,25.0000,-113.0000,135.5521,11.5488,41.6393,12.0159,0.0066,0.6483,0.0072,0.0550,0.0047,0.2002,0.0050,0.1616
37.1486,25.0000,-113.0000,135.6497,11.5445,41.7870,12.0092,0.0033,0.0159,0.0102,0.0935,0.0090,0.1534,0.0078,0.3142
37.2153,25.0000,-113.0000,135.7761,11.5399,41.7242,12.0020,0.0016,1.6031,0.0139,1.0680,0.0089,1.3213,0.0080,1.2226
37.2821,25.0000,-113.0000,135.6336,11.5307,41.5279,11.9997,0.0056,1.1523,0.0158,0.7029,0.0072,0.7532,0.0075,0.6954
37.3486,25.0000,-113.0000,135.0158,11.5215,41.5379,11.9979,0.0043,2.5911,0.0095,2.5865,0.0096,1.7301,0.0023,4.1726
37.4147,25.0000,-113.0000,134.9681,11.5151,41.1946,11.9800,0.0061,0.3094,0.0104,0.6328,0.0076,0.4322,0.0054,0.6039
37.4813,25.0000,-113.0000,134.4270,11.5117,41.2434,11.9735,0.0088,4.0466,0.0116,4.9694,0.0050,3.1707,0.0113,2.7006
37.5474,25.0000,-113.0000,135.6017,11.5015,41.8258,11.9679,0.0030,6.5700,0.0083,5.9346,0.0098,5.2081,0.0084,7.8432
37.6153,25.0000,-113.0000,135.7430,11.4992,41.2629,11.9581,0.0024,0.6360,0.0102,1.6317,0.0111,1.3885,0.0081,1.5875
37.6821,25.0000,-113.0000,135.7875,11.4974,41.0368,11.9464,0.0066,0.4838,0.0128,0.4070,0.0159,0.2739,0.0020,1.5346
37.7488,25.0000,-113.0000,135.2342,11.4866,40.7126,11.9323,0.0083,1.1586,0.0132,1.2867,0.0134,0.8781,0.0051,5.4042
37.8149,25.0000,-113.0000,136.5671,11.4762,41.2965,11.9296,0.0065,8.1757,0.0131,7.6259,0.0074,7.6400,0.0058,7.5736
37.8829,25.0000,-113.0000,136.8928,11.4704,41.2420,11.9214,0.0038,0.3234,0.0092,0.8011,0.0055,0.0294,0.0061,0.2856
37.9499,25.0000,-113.0000,137.1418,11.4677,41.2772,11.9212,0.0028,0.1264,0.0114,0.9978,0.0105,0.2203,0.0076,0.8237
38.0168,25.0000,-113.0000,138.1722,11.4521,41.1695,11.9159,0.0069,1.7160,0.0207,3.0313,0.0061,2.2107,0.0085,0.7980
38.0845,25.0000,-113.0000,138.9831,11.4400,41.4483,11.9131,0.0056,2.3238,0.0128,2.5273,0.0044,1.6202,0.0041,1.8468
38.1520,25.0000,-113.0000,138.2538,11.4268,40.6011,11.9037,0.0051,2.7093,0.0141,2.5827,0.0034,3.4345,0.0034,2.2373
38.2179,25.0000,-113.0000,139.9099,11.4092,39.4955,11.8866,0.0050,6.1139,0.0117,6.7927,0.0102,3.0330,0.0034,5.6686
38.2862,25.0000,-113.0000,140.1950,11.4043,39.6283,11.8821,0.0042,1.2121,0.0096,1.1833,0.0091,0.7213,0.0047,1.8396
38.3532,25.0000,-113.0000,140.4909,11.3794,39.7789,11.8804,0.0067,0.9480,0.0110,0.6020,0.0061,0.5954,0.0059,0.8066
38.4202,25.0000,-113.0000,140.2488,11.3736,39.8123,11.8798,0.0079,0.6755,0.0118,0.4456,0.0071,0.3312,0.0058,1.0164
38.4866,25.0000,-113.0000,139.6212,11.3576,40.2405,11.8768,0.0055,2.5255,0.0095,2.6349,0.0061,2.7638,0.0085,2.5159
38.5526,25.0000,-113.0000,138.4379,11.3329,39.9520,11.8702,0.0072,2.5856,0.0092,2.5108,0.0048,1.9025,0.0108,2.8604
38.6181,25.0000,-113.0000,138.6221,11.3263,39.7885,11.8638,0.0076,0.1544,0.0080,0.2453,0.0048,0.2603,0.0125,0.2412
38.6850,25.0000,-113.0000,139.6650,11.2894,39.9996,11.8552,0.0069,0.5708,0.0146,1.4193,0.0033,0.3408,0.0120,0.3789
38.7527,25.0000,-113.0000,140.3374,11.2534,40.7639,11.8291,0.0050,0.1299,0.0183,0.6532,0.0036,0.9904,0.0101,0.3858
38.8200,25.0000,-113.0000,140.5329,11.2512,40.7920,11.8279,0.0097,0.7738,0.0175,0.7854,0.0023,0.1536,0.0098,0.5052
38.8869,25.0000,-113.0000,140.4243,11.2502,40.7071,11.8200,0.0114,0.4986,0.0162,0.6023,0.0020,0.5633,0.0062,0.5677
38.9534,25.0000,-113.0000,140.2260,11.2373,40.5672,11.8183,0.0115,0.9972,0.0131,0.6398,0.0051,0.5561,0.0095,0.5886
39.0199,25.0000,-113.0000,140.1024,11.2259,40.6123,11.8139,0.0100,0.1892,0.0102,0.2800,0.0054,0.1780,0.0102,0.1701
39.0864,25.0000,-113.0000,140.3726,11.2067,40.9253,11.7999,0.0060,0.0281,0.0089,0.1715,0.0090,0.3343,0.0073,0.0446
39.1534,25.0000,-113.0000,140.4971,11.1980,41.1763,11.7940,0.0039,0.3995,0.0088,1.4400,0.0142,1.0405,0.0046,0.4381
39.2202,25.0000,-113.0000,140.4009,11.1967,41.0528,11.7915,0.0044,0.6328,0.0086,0.3286,0.0184,0.2572,0.0010,0.2632
39.2867,25.0000,-113.0000,141.1944,11.1904,42.2015,11.7617,0.0034,7.5645,0.0078,9.6032,0.0163,10.7846,0.0019,6.9840
39.3542,25.0000,-113.0000,141.4436,11.1799,42.9488,11.7140,0.0072,0.0830,0.0108,0.2940,0.0160,0.6565,0.0024,0.3296
39.4211,25.0000,-113.0000,141.5698,11.1791,42.9985,11.7126,0.0030,1.2045,0.0051,1.4877,0.0154,2.2511,0.0082,1.4736
39.4879,25.0000,-113.0000,141.5930,11.1503,43.4244,11.7085,0.0060,1.9699,0.0042,1.6038,0.0114,2.2169,0.0048,2.6440
39.5546,25.0000,-113.0000,141.0610,11.1387,42.5987,11.6982,0.0048,5.8603,0.0045,3.1598,0.0189,4.6949,0.0060,3.4188
39.6207,25.0000,-113.0000,141.0409,11.1387,42.6913,11.6845,0.0009,1.5176,0.0066,2.4600,0.0181,1.0917,0.0028,2.2744
39.6874,25.0000,-113.0000,142.3365,11.1298,43.5162,11.6779,0.0080,3.3581,0.0099,8.6426,0.0209,4.6515,0.0047,3.6756
39.7553,25.0000,-113.0000,142.3835,11.1279,43.2064,11.6697,0.0091,6.3784,0.0061,5.3276,0.0219,5.2003,0.0104,4.7189
39.8221,25.0000,-113.0000,141.7787,11.1218,42.8947,11.6625,0.0041,2.8003,0.0047,3.5054,0.0175,3.8473,0.0007,4.3777
39.8881,25.0000,-113.0000,141.6412,11.1040,42.3069,11.6533,0.0048,3.6866,0.0098,2.4755,0.0187,3.3217,0.0053,3.3070
39.9546,25.0000,-113.0000,141.7326,11.1004,42.2753,11.6509,0.0043,0.6973,0.0069,0.4584,0.0198,0.0459,0.0074,0.5034
40.0214,24.8716,-113.0000,127.0923,6.7780,42.0642,11.6281,0.0098,0.4268,0.0271,2.7737,0.0213,0.2780,0.0051,0.4370
40.0734,24.5594,-113.0000,101.8285,5.3524,42.2167,11.6268,0.0129,3.4097,0.0315,39.3236,0.0266,3.3715,0.0100,5.4492
40.1148,24.3110,-113.0000,73.3736,4.6537,11.5590,6.9023,0.0266,3.9121,0.0438,119.1988,0.0339,14.6116,0.0097,2.6289
40.1530,24.0818,-113.0000,42.3609,4.2184,-25.0899,5.4141,0.0448,92.7622,0.1379,249.0860,0.0374,73.3546,0.0088,0.5090
40.1887,23.8678,-113.0000,30.4153,4.1123,-51.1560,4.7074,0.0838,194.9830,0.7838,161.4758,0.0442,95.0875,0.0275,1.4498
40.2434,23.5395,-113.0000,29.9633,4.0488,-59.3105,4.2613,0.2199,91.8040,0.7709,0.6964,0.0646,19.4898,0.0243,7.7211
40.3096,23.1422,-113.0000,29.2910,4.0228,-64.0411,4.0788,0.6000,32.7611,0.7925,4.3649,0.1551,14.6952,0.0255,1.4844
40.3756,22.7463,-113.0000,28.4269,4.0021,-63.9921,4.0707,0.6429,3.1073,0.7963,6.8108,0.2452,2.7636,0.0255,0.4629
40.4414,22.3514,-113.0000,27.1485,3.9845,-63.9298,4.0515,0.6277,6.4684,0.7791,11.6335,0.2434,0.0594,0.0226,3.5445
40.5068,21.9591,-113.0000,27.0755,3.9638,-64.2230,4.0426,0.6371,0.5863,0.7876,0.8131,0.2486,3.2702,0.0209,2.1845
40.5734,21.5595,-113.0000,26.5121,3.9464,-64.2533,4.0326,0.6294,2.5166,0.7807,2.3086,0.2438,0.0754,0.0162,2.4635
40.6395,21.1629,-113.0000,25.2059,3.9250,-63.9273,4.0271,0.6233,11.1439,0.7693,10.1433,0.2463,3.8440,0.0109,4.3638
40.7049,20.7708,-113.0000,25.0264,3.9103,-64.0315,4.0205,0.6294,0.9868,0.7728,1.3466,0.2509,1.2288,0.0108,0.6673
40.7714,20.3718,-113.0000,24.8027,3.9017,-64.1120,4.0127,0.6248,1.5284,0.7699,1.2260,0.2418,0.6614,0.0098,3.7428
40.8378,19.9732,-113.0000,24.5265,3.8953,-64.1570,4.0104,0.6374,2.7267,0.7780,3.4463,0.2530,2.5929,0.0086,0.6322
40.9042,19.5748,-113.0000,24.0163,3.8900,-63.8354,4.0045,0.6350,5.7130,0.7756,6.2809,0.2583,2.4238,0.0056,2.2988
40.9703,19.1779,-113.0000,23.8273,3.8814,-63.8012,3.9991,0.6384,1.5957,0.7777,1.0722,0.2626,0.3808,0.0081,0.0797
41.0368,18.7790,-113.0000,23.6423,3.8790,-63.8955,3.9944,0.6405,0.6376,0.7779,1.8962,0.2625,0.3292,0.0088,0.7419
41.1033,18.3801,-113.0000,23.3812,3.8750,-63.8365,3.9918,0.6429,2.1024,0.7786,2.1975,0.2648,0.1668,0.0093,0.5484
41.1697,17.9817,-113.0000,22.9787,3.8719,-63.6497,3.9901,0.6488,4.8802,0.7805,7.2718,0.2745,2.9167,0.0124,1.6159
41.2360,17.5841,-113.0000,23.0665,3.8684,-63.6800,3.9898,0.6531,1.5910,0.7854,1.6177,0.2770,3.1271,0.0142,0.9456
41.3027,17.1836,-113.0000,23.0932,3.8657,-63.6277,3.9877,0.6580,2.7042,0.7916,2.9550,0.2838,2.6022,0.0137,0.8979
41.3694,16.7834,-113.0000,23.1421,3.8627,-63.6498,3.9857,0.6623,1.0305,0.7957,1.4750,0.2856,1.5639,0.0146,0.1710
41.4361,16.3831,-113.0000,23.1132,3.8614,-63.4882,3.9839,0.6689,3.3505,0.8035,3.6388,0.2936,3.2122,0.0160,1.8037
41.5028,15.9833,-113.0000,23.0660,3.8606,-63.6669,3.9813,0.6666,1.7192,0.8006,2.3263,0.2881,1.5522,0.0146,2.5829
41.5694,15.5836,-113.0000,23.1173,3.8593,-63.6801,3.9803,0.6702,2.2968,0.8029,0.7946,0.2911,1.7702,0.0211,0.5844
41.6361,15.1833,-113.0000,23.1382,3.8586,-63.7954,3.9792,0.6680,0.2220,0.8032,0.1052,0.2903,2.6375,0.0202,0.7393
41.7028,14.7832,-113.0000,23.2500,3.8561,-63.8270,3.9784,0.6666,0.0549,0.8013,0.9737,0.2882,0.3659,0.0196,0.5204
41.7696,14.3825,-113.0000,23.1685,3.8559,-63.8784,3.9780,0.6658,1.6229,0.7987,3.0603,0.2842,1.2393,0.0161,3.2119
41.8362,13.9830,-113.0000,23.0663,3.8532,-63.8116,3.9773,0.6676,2.0997,0.8015,1.2461,0.2883,1.8560,0.0164,0.6909
41.9027,13.5836,-113.0000,23.0071,3.8526,-63.8453,3.9765,0.6674,0.3362,0.8001,0.7063,0.2870,0.1753,0.0169,1.0578
41.9693,13.1840,-113.0000,22.9888,3.8525,-63.8158,3.9761,0.6706,1.6277,0.8044,1.8462,0.2908,1.5916,0.0188,0.9650
42.0360,12.7841,-113.0000,22.9555,3.8521,-63.8531,3.9741,0.6707,1.2892,0.8035,0.4353,0.2902,2.3040,0.0190,3.5829
42.1026,12.3843,-113.0000,23.0411,3.8517,-63.7923,3.9735,0.6680,2.5063,0.8024,2.2229,0.2908,1.3774,0.0218,1.0040
42.1694,11.9838,-113.0000,23.0298,3.8516,-63.8334,3.9726,0.6653,0.2412,0.7987,0.1031,0.2875,0.2383,0.0239,0.9277
42.2360,11.5838,-113.0000,23.0242,3.8515,-63.8250,3.9726,0.6666,0.5657,0.8010,0.6159,0.2866,0.2390,0.0261,0.2972
42.3027,11.1839,-113.0000,23.0442,3.8513,-63.8373,3.9719,0.6674,0.1980,0.8015,0.2397,0.2870,0.0276,0.0246,0.1019
42.3694,10.7837,-113.0000,23.0245,3.8513,-63.8964,3.9713,0.6702,0.9921,0.8045,0.9782,0.2893,1.9904,0.0258,1.9729
42.4360,10.3839,-113.0000,23.0507,3.8514,-63.8848,3.9712,0.6689,1.9466,0.8034,1.9431,0.2892,0.1917,0.0293,0.7539
42.5027,9.9837,-113.0000,23.0808,3.8514,-63.8844,3.9695,0.6711,0.2730,0.8068,1.3045,0.2900,0.1531,0.0303,0.0464
42.5694,9.5835,-113.0000,23.0966,3.8513,-63.9385,3.9692,0.6733,0.2565,0.8083,0.1820,0.2916,2.2049,0.0295,0.9623
42.6361,9.1834,-113.0000,23.2100,3.8508,-63.9624,3.9690,0.6718,1.4280,0.8077,3.7515,0.2912,0.8449,0.0324,1.8174
42.7029,8.7827,-113.0000,23.1982,3.8508,-64.0929,3.9656,0.6723,0.0668,0.8076,0.1252,0.2905,0.6658,0.0344,0.1243
42.7695,8.3828,-113.0000,23.2051,3.8502,-64.2130,3.9650,0.6734,0.2124,0.8095,0.0796,0.2905,2.7238,0.0298,2.1577
42.8362,7.9828,-113.0000,23.2465,3.8499,-64.3812,3.9630,0.6740,0.4670,0.8094,0.6083,0.2913,2.6663,0.0265,2.0365
42.9029,7.5825,-113.0000,23.2433,3.8498,-64.6318,3.9612,0.6748,1.3872,0.8111,1.1808,0.2901,5.0184,0.0244,1.3993
42.9696,7.1825,-113.0000,23.3325,3.8472,-64.8044,3.9595,0.6751,1.0145,0.8124,0.6364,0.2888,4.0631,0.0192,2.3069
43.0363,6.7820,-113.0000,23.3107,3.8473,-64.8396,3.9572,0.6709,6.5818,0.8077,5.4766,0.2832,3.9512,0.0241,5.3074
43.1030,6.3821,-113.0000,23.3195,3.8471,-65.1079,3.9553,0.6710,1.3386,0.8072,0.8233,0.2822,6.0273,0.0164,4.0038
43.1697,5.9821,-113.0000,23.2158,3.8467,-65.0756,3.9535,0.6669,7.4415,0.8027,3.7267,0.2796,0.2091,0.0196,1.6931
43.2362,5.5827,-113.0000,23.1866,3.8433,-65.2344,3.9490,0.6628,1.8548,0.7969,1.3244,0.2739,1.9856,0.0194,2.7645
43.3029,5.1829,-113.0000,23.2299,3.8420,-65.3963,3.9468,0.6600,0.5937,0.7979,0.4056,0.2696,1.8355,0.0196,2.6117
43.3696,5.0000,-113.0000,16.5259,3.5128,-65.8466,3.9449,0.6415,7.5379,0.7344,18.8072,0.2620,14.3807,0.0150,9.4364
43.4295,5.0000,-113.0000,2.0004,3.2739,-70.0059,3.5773,0.6213,108.0115,0.6299,130.1160,0.2176,7.6364,0.0150,3.2351
43.4817,5.0000,-113.0000,-9.8831,3.0910,-74.6221,3.3121,0.5955,132.4265,0.5433,121.2561,0.1850,12.4050,0.0284,2.3122
43.5365,5.0000,-113.0000,-19.9371,2.9421,-78.7513,3.1261,0.5712,150.1542,0.4713,112.7264,0.1541,14.5205,0.0302,0.0634
43.5931,5.0000,-113.0000,-27.6597,2.8306,-82.4352,2.9715,0.5460,143.7616,0.4145,93.8763,0.1273,14.7043,0.0326,0.4754
43.6520,5.0000,-113.0000,-32.5796,2.7402,-83.4792,2.8525,0.5274,99.4533,0.3787,48.0255,0.1190,1.8696,0.0311,3.2983
43.7138,5.0000,-113.0000,-38.0588,2.6524,-85.6164,2.7552,0.5088,126.8296,0.3396,63.4096,0.1034,8.6397,0.0313,0.0466
43.7749,5.0000,-113.0000,-42.3165,2.5835,-87.4273,2.6718,0.4889,113.3733,0.3111,51.3832,0.0921,7.2985,0.0324,0.4679
43.8374,5.0000,-113.0000,-45.6382,2.5283,-88.4838,2.6058,0.4676,94.8487,0.2850,39.0366,0.0856,3.5046,0.0285,0.3188
43.9007,5.0000,-113.0000,-48.3503,2.4783,-89.1209,2.5486,0.4468,81.9526,0.2629,29.3330,0.0791,2.5632,0.0289,1.1262
43.9646,5.0000,-113.0000,-51.1836,2.4330,-89.9602,2.4989,0.4263,96.1544,0.2378,36.2258,0.0715,6.5983,0.0332,0.8783
44.0285,5.0000,-113.0000,-53.0051,2.3940,-90.6750,2.4520,0.4097,66.5674,0.2211,18.7916,0.0641,4.2301,0.0335,1.9186
44.0933,5.0000,-113.0000,-55.2606,2.3600,-91.8492,2.4086,0.3924,87.6200,0.2022,31.4379,0.0552,6.6916,0.0367,0.6839
44.1577,5.0000,-113.0000,-56.9340,2.3283,-92.7679,2.3744,0.3743,69.3548,0.1883,22.2113,0.0488,7.4086,0.0347,2.5341
44.2227,5.0000,-113.0000,-58.4230,2.3017,-93.5693,2.3455,0.3599,71.5962,0.1731,22.7587,0.0414,4.8475,0.0354,0.7280
44.2879,5.0000,-113.0000,-59.5425,2.2765,-93.9077,2.3153,0.3473,49.3174,0.1644,11.4851,0.0371,0.9851,0.0339,1.2616
44.3535,5.0000,-113.0000,-60.7136,2.2540,-94.4353,2.2918,0.3320,53.9261,0.1546,14.0005,0.0334,3.4055,0.0315,0.8815
44.4190,5.0000,-113.0000,-61.4193,2.2338,-94.3418,2.2689,0.3221,35.0600,0.1472,5.4555,0.0338,0.0864,0.0295,1.9611
44.4849,5.0000,-113.0000,-62.2724,2.2174,-94.9221,2.2492,0.3097,50.3564,0.1389,15.3241,0.0317,4.5555,0.0283,1.1030
44.5507,5.0000,-113.0000,-63.1849,2.2011,-95.4461,2.2328,0.3002,48.8266,0.1302,12.9942,0.0248,5.1304,0.0295,0.5655
44.6165,5.0000,-113.0000,-63.8664,2.1857,-95.4829,2.2173,0.2876,34.6205,0.1279,6.8564,0.0263,0.1485,0.0266,1.5139
44.6825,5.0000,-113.0000,-64.6475,2.1733,-95.7504,2.2023,0.2760,44.0027,0.1177,11.2852,0.0261,1.8166,0.0249,0.6638
44.7484,5.0000,-113.0000,-65.0887,2.1599,-95.7341,2.1874,0.2678,25.8528,0.1145,3.4584,0.0272,0.0061,0.0257,1.0290
44.8146,5.0000,-113.0000,-65.6329,2.1499,-95.8672,2.1735,0.2608,34.3085,0.1095,6.8621,0.0310,0.2894,0.0236,0.2235
44.8807,5.0000,-113.0000,-65.6635,2.1396,-95.7541,2.1619,0.2566,12.8014,0.1129,2.2990,0.0319,2.1044,0.0174,5.4782
44.9473,5.0000,-113.0000,-66.1819,2.1297,-95.8799,2.1512,0.2462,27.4900,0.1095,6.4437,0.0333,0.3392,0.0126,0.2822
45.0135,5.0000,-113.0000,-66.5203,2.1215,-95.8530,2.1422,0.2416,19.7219,0.1048,3.4364,0.0392,0.0418,0.0117,0.9510
45.0798,5.0000,-113.0000,-67.0215,2.1153,-96.3790,2.1325,0.2290,41.6316,0.1008,14.9363,0.0348,6.5741,0.0137,4.2448
45.1460,5.0000,-113.0000,-67.1254,2.1076,-96.4200,2.1232,0.2235,10.5458,0.0992,0.3257,0.0329,3.9018,0.0078,2.4469
45.2125,5.0000,-113.0000,-67.4686,2.1018,-96.2569,2.1146,0.2172,20.9370,0.0957,10.2666,0.0356,1.0856,0.0091,3.7645
45.2789,5.0000,-113.0000,-67.8872,2.0956,-96.5131,2.1078,0.2075,23.3575,0.0915,6.6007,0.0327,2.2374,0.0097,0.3149
45.3451,5.0000,-113.0000,-68.1131,2.0895,-96.5230,2.1010,0.2001,14.5575,0.0879,1.9752,0.0332,0.0281,0.0105,0.4849
45.4116,5.0000,-113.0000,-68.2879,2.0832,-96.6062,2.0942,0.1953,13.4931,0.0852,1.5138,0.0330,0.5580,0.0087,0.5580
45.4780,5.0000,-113.0000,-68.5369,2.0783,-96.5541,2.0882,0.1926,13.0155,0.0839,4.7017,0.0323,0.1388,0.0076,0.8242
45.5445,5.0000,-113.0000,-68.8868,2.0732,-96.5728,2.0831,0.1820,25.3105,0.0833,6.2452,0.0352,0.4884,0.0095,3.4538
45.6108,5.0000,-113.0000,-69.1974,2.0699,-96.7500,2.0773,0.1737,17.8575,0.0766,7.0081,0.0304,1.2836,0.0081,0.3101
45.6771,5.0000,-113.0000,-69.7389,2.0664,-96.8490,2.0722,0.1610,39.0241,0.0668,19.2846,0.0325,9.0640,0.0187,7.7606
45.7433,5.0000,-113.0000,-69.6775,2.0636,-96.8580,2.0679,0.1588,2.6943,0.0672,0.3677,0.0344,4.6069,0.0188,3.0853
45.8100,5.0000,-113.0000,-69.8707,2.0599,-96.8289,2.0637,0.1526,13.4495,0.0645,3.2723,0.0353,0.1562,0.0201,0.2332
45.8765,5.0000,-113.0000,-70.0385,2.0570,-96.9791,2.0601,0.1471,9.0882,0.0616,2.2113,0.0352,1.9802,0.0179,1.4492
45.9430,5.0000,-113.0000,-70.1701,2.0545,-97.1448,2.0566,0.1417,11.1628,0.0592,2.2812,0.0319,2.0507,0.0157,1.2598
46.0095,5.0000,-113.0000,-70.2927,2.0521,-96.8410,2.0524,0.1376,14.4464,0.0580,10.8705,0.0388,5.1005,0.0230,10.2219
46.0760,5.0000,-113.0000,-70.5293,2.0497,-97.0942,2.0492,0.1322,18.0476,0.0533,6.3785,0.0347,4.8187,0.0227,1.8119
46.1425,5.0000,-113.0000,-70.8334,2.0471,-97.1701,2.0461,0.1237,21.6909,0.0499,8.1564,0.0362,2.4586,0.0248,1.5843
46.2088,5.0000,-113.0000,-70.8080,2.0453,-97.3007,2.0433,0.1223,2.2305,0.0508,0.6493,0.0322,5.5960,0.0178,5.5478
46.2755,5.0000,-113.0000,-71.0421,2.0432,-97.1800,2.0404,0.1165,12.9061,0.0469,8.8121,0.0390,2.9253,0.0256,4.8771
46.3420,5.0000,-113.0000,-71.0557,2.0410,-97.1870,2.0370,0.1115,1.6335,0.0472,2.2979,0.0394,3.2540,0.0244,3.5419
46.4086,5.0000,-113.0000,-71.2464,2.0394,-97.3458,2.0350,0.1043,13.1375,0.0393,5.3832,0.0399,3.4811,0.0277,1.7333
46.4751,5.0000,-113.0000,-71.4113,2.0378,-97.2893,2.0330,0.0986,10.2745,0.0361,5.8769,0.0446,0.5603,0.0342,1.9854
46.5416,5.0000,-113.0000,-71.3781,2.0365,-97.4056,2.0308,0.0961,0.5597,0.0359,0.1912,0.0431,5.2286,0.0303,5.3080
46.6083,5.0000,-113.0000,-71.3745,2.0351,-97.3956,2.0286,0.0923,3.0175,0.0343,0.2099,0.0429,0.7682,0.0287,1.1450
46.6750,5.0000,-113.0000,-71.5197,2.0335,-97.3997,2.0264,0.0860,10.0109,0.0301,3.2951,0.0474,1.9978,0.0321,0.8476
46.7415,5.0000,-113.0000,-71.4826,2.0324,-97.5551,2.0248,0.0852,1.8540,0.0302,1.0087,0.0424,4.4712,0.0270,4.6373
46.8082,5.0000,-113.0000,-71.4728,2.0311,-97.6274,2.0233,0.0868,0.7028,0.0318,0.0704,0.0410,2.5862,0.0260,1.0783
46.8749,5.0000,-113.0000,-71.4709,2.0300,-97.8707,2.0217,0.0848,5.1341,0.0347,3.1168,0.0356,7.9542,0.0220,1.7355
46.9415,5.0000,-113.0000,-71.3052,2.0289,-98.0574,2.0198,0.0875,0.9745,0.0413,5.4425,0.0274,12.1628,0.0098,17.1676
47.0084,5.0000,-113.0000,-71.3051,2.0282,-98.1662,2.0184,0.0876,2.9757,0.0419,0.5323,0.0272,2.1134,0.0082,0.5210
47.0750,5.0000,-113.0000,-71.3991,2.0272,-98.2791,2.0171,0.0845,5.3189,0.0430,2.3992,0.0238,2.3292,0.0073,1.7210
47.1416,5.0000,-113.0000,-71.4317,2.0265,-98.3118,2.0158,0.0825,3.2444,0.0433,0.3319,0.0210,0.2158,0.0049,0.1799
47.2082,5.0000,-113.0000,-71.4476,2.0260,-98.2502,2.0147,0.0811,3.4274,0.0423,2.7494,0.0270,1.6740,0.0059,3.3438
47.2749,5.0000,-113.0000,-71.4900,2.0251,-98.2640,2.0130,0.0805,5.1683,0.0406,2.1796,0.0297,1.1791,0.0083,1.5954
47.3415,5.0000,-113.0000,-71.3269,2.0243,-98.4269,2.0115,0.0849,3.5867,0.0478,6.7665,0.0280,14.8751,0.0063,12.1614
47.4083,5.0000,-113.0000,-71.4293,2.0236,-98.3994,2.0100,0.0814,5.8546,0.0450,2.8728,0.0297,0.7592,0.0098,1.7052
47.4749,5.0000,-113.0000,-71.4418,2.0231,-98.4645,2.0093,0.0809,1.1942,0.0463,0.0694,0.0284,1.2925,0.0070,1.3208
47.5416,5.0000,-113.0000,-71.4833,2.0224,-98.4887,2.0078,0.0761,4.0561,0.0463,0.5451,0.0271,0.0880,0.0061,0.0057
47.6082,5.0000,-113.0000,-71.5759,2.0222,-98.5865,2.0070,0.0685,11.5516,0.0413,5.5976,0.0252,5.3324,0.0021,3.6681
47.6748,5.0000,-113.0000,-71.4995,2.0216,-98.7016,2.0058,0.0712,1.7075,0.0445,3.7948,0.0253,7.3146,0.0028,7.3476
47.7415,5.0000,-113.0000,-71.5625,2.0213,-98.7565,2.0044,0.0680,5.6450,0.0410,2.6912,0.0257,0.5822,0.0025,0.2529
47.8081,5.0000,-113.0000,-71.6894,2.0207,-98.7902,2.0035,0.0611,10.8488,0.0371,7.8602,0.0274,4.2992,0.0078,4.4774
47.8746,5.0000,-113.0000,-71.7168,2.0202,-98.9126,2.0028,0.0610,3.7953,0.0360,0.6185,0.0244,4.3731,0.0082,0.8015
47.9413,5.0000,-113.0000,-71.8371,2.0194,-98.9224,2.0021,0.0598,8.2410,0.0352,5.2994,0.0279,3.1208,0.0145,3.1652
48.0078,5.0000,-113.0000,-71.7797,2.0189,-99.0361,2.0016,0.0651,1.7672,0.0415,1.7706,0.0217,5.4945,0.0106,4.0174
48.0746,5.0000,-113.0000,-71.8442,2.0185,-99.0500,2.0007,0.0616,5.5499,0.0420,2.5790,0.0211,1.1080,0.0132,0.8707
48.1412,5.0000,-113.0000,-71.8707,2.0178,-99.0936,1.9999,0.0567,1.0872,0.0413,0.4971,0.0204,1.0403,0.0118,0.4668
48.2078,5.0000,-113.0000,-71.9103,2.0177,-99.0862,1.9988,0.0537,2.7020,0.0369,1.9477,0.0237,0.2495,0.0106,0.4491
48.2744,5.0000,-113.0000,-71.9235,2.0174,-99.2063,1.9978,0.0546,0.7253,0.0347,0.1135,0.0251,3.2957,0.0129,0.7236
48.3411,5.0000,-113.0000,-71.9676,2.0169,-99.2507,1.9973,0.0563,6.7241,0.0359,4.6814,0.0276,4.7180,0.0166,4.3607
48.4077,5.0000,-113.0000,-72.0033,2.0167,-99.2791,1.9965,0.0556,1.1319,0.0375,0.8794,0.0266,0.2001,0.0154,0.2571
48.4743,5.0000,-113.0000,-72.0103,2.0164,-99.3423,1.9960,0.0560,0.9981,0.0386,0.3173,0.0254,1.5556,0.0151,1.1792
48.5410,5.0000,-113.0000,-72.0408,2.0163,-99.3692,1.9948,0.0528,7.8502,0.0364,4.4639,0.0224,2.4768,0.0108,2.7835
48.6076,5.0000,-113.0000,-72.0487,2.0160,-99.4095,1.9944,0.0565,0.5447,0.0352,0.4180,0.0250,1.6361,0.0114,0.5656
48.6743,5.0000,-113.0000,-72.0290,2.0159,-99.5114,1.9936,0.0576,0.8940,0.0404,1.0207,0.0206,2.8631,0.0094,0.8272
48.7410,5.0000,-113.0000,-72.1248,2.0158,-99.3243,1.9925,0.0513,16.8867,0.0349,10.1149,0.0262,7.7703,0.0109,7.8486
48.8075,5.0000,-113.0000,-72.1094,2.0154,-99.4586,1.9918,0.0558,0.6228,0.0362,0.5941,0.0230,5.5207,0.0072,2.0525
48.8742,5.0000,-113.0000,-72.1935,2.0153,-99.4140,1.9910,0.0511,6.3079,0.0331,6.5329,0.0246,0.4984,0.0115,1.9960
48.9408,5.0000,-113.0000,-72.2400,2.0153,-99.3706,1.9902,0.0514,1.6076,0.0302,3.8329,0.0291,0.9113,0.0129,0.9496
49.0074,5.0000,-113.0000,-72.2841,2.0152,-99.3045,1.9893,0.0505,5.0146,0.0282,1.9349,0.0311,1.0677,0.0141,0.6174
49.0740,5.0000,-113.0000,-72.2552,2.0150,-99.4066,1.9890,0.0522,0.3253,0.0329,1.0182,0.0284,6.0872,0.0120,2.9163
49.1407,5.0000,-113.0000,-72.3518,2.0146,-99.3733,1.9880,0.0488,6.2800,0.0279,4.4966,0.0300,1.0111,0.0120,1.2023
49.2073,5.0000,-113.0000,-72.4055,2.0143,-99.3922,1.9872,0.0446,6.1761,0.0268,2.1603,0.0330,0.9938,0.0160,0.9879
49.2739,5.0000,-113.0000,-72.5028,2.0141,-99.3486,1.9867,0.0420,11.6117,0.0218,8.4038,0.0348,1.0350,0.0184,2.5544
49.3405,5.0000,-113.0000,-72.5122,2.0139,-99.4004,1.9865,0.0410,1.8389,0.0236,0.9556,0.0314,3.0316,0.0184,1.3119
49.4072,5.0000,-113.0000,-72.5060,2.0138,-99.4352,1.9860,0.0437,2.5577,0.0251,1.9934,0.0328,2.6440,0.0156,2.7620
49.4738,5.0000,-113.0000,-72.5423,2.0137,-99.4681,1.9856,0.0451,1.6310,0.0260,1.8528,0.0304,0.9111,0.0157,0.7121
